"run_id","det_tag","cell_id","status","include","LRinclude","p","r","q_tag","qY","qK","qE","model_class","logLik","T_eff","T_eff_common","k_gamma","k_pi","k_det","k_sigma","k_total","ICOMP_pen","RICOMP_pen","ICOMP_flag","RICOMP_flag","ICOMP_stabilized","RICOMP_stabilized","AIC","BIC","HQ","AICc","stability_margin","unit_root_count","unstable_count","expected_unit_roots","unit_root_mismatch","fail_code","fail_msg","window_tag","window_start","window_end","dBIC","dAIC","dHQ"
1772640365,"SR_none__LR_const","p01_sym_r0_none_const","computed","none","const",1,0,"sym",1,1,1,"VAR_diff_r0",453.025192939489,63,57,9,0,0,6,15,1.58625325469279,1.58625325469279,"ok","complexity_component_only_requires_robust_fit_term",FALSE,FALSE,-876.050385878978,-845.40461686146,-864.140395742379,-864.343068805807,NA,NA,NA,3,NA,NA,NA,"shaikh_window",1947,2011,43.6774168757893,43.6774168757893,43.6774168757893
1772640365,"SR_none__LR_const","p01_sym_r1_none_const","computed","none","const",1,1,"sym",1,1,1,"VECM_ranked_qrestricted",471.897900810729,63,57,9,6,0,6,21,1.02294132807623,1.02294132807623,"ok","complexity_component_only_requires_robust_fit_term",FALSE,FALSE,-901.795801621457,-858.891724996932,-885.121815430218,-875.395801621457,0.0204250210651794,2,0,2,0,NA,NA,"shaikh_window",1947,2011,30.1903087403177,17.9320011333103,22.6959971879501
1772640365,"SR_none__LR_const","p01_sym_r2_none_const","computed","none","const",1,2,"sym",1,1,1,"VECM_ranked_qrestricted",474.269747604328,63,57,9,10,0,6,25,0.965017216394521,0.965017216394521,"ok","complexity_component_only_requires_robust_fit_term",FALSE,FALSE,-898.539495208655,-847.463213512792,-878.689511647657,-856.604011337688,0.0214941685487606,1,0,1,0,NA,NA,"shaikh_window",1947,2011,41.6188202244577,21.1883075461122,29.1283009705118
1772640365,"SR_none__LR_const","p01_Y_only_r0_none_const","computed","none","const",1,0,"Y_only",1,0,0,"VAR_diff_r0",453.025192939489,63,57,3,0,0,6,9,1.58625325469279,1.58625325469279,"ok","complexity_component_only_requires_robust_fit_term",FALSE,FALSE,-888.050385878978,-869.662924468467,-880.904391797019,-884.220598644936,NA,NA,NA,3,NA,NA,NA,"shaikh_window",1947,2011,19.419109268782,31.6774168757893,26.9134208211497
1772640365,"SR_none__LR_const","p01_Y_only_r1_none_const","computed","none","const",1,1,"Y_only",1,0,0,"VECM_ranked_qrestricted",454.860826243728,63,57,3,6,0,6,15,1.09736875495825,1.09736875495825,"ok","complexity_component_only_requires_robust_fit_term",FALSE,FALSE,-879.721652487457,-849.075883469939,-867.811662350857,-868.014335414286,-0.0425697309400039,2,1,2,0,NA,NA,"shaikh_window",1947,2011,40.0061502673108,40.0061502673108,40.0061502673109
1772640365,"SR_none__LR_const","p01_Y_only_r2_none_const","computed","none","const",1,2,"Y_only",1,0,0,"VECM_ranked_qrestricted",460.256336979256,63,57,3,10,0,6,19,1.0446040257997,1.0446040257997,"ok","complexity_component_only_requires_robust_fit_term",FALSE,FALSE,-882.512673958511,-843.694699869655,-867.426686452152,-861.972133417971,-0.0409184080180471,1,1,1,0,NA,NA,"shaikh_window",1947,2011,45.3873338675944,37.2151287962562,40.3911261660161
1772640365,"SR_none__LR_const","p01_K_only_r0_none_const","computed","none","const",1,0,"K_only",0,1,0,"VAR_diff_r0",453.025192939489,63,57,3,0,0,6,9,1.58625325469279,1.58625325469279,"ok","complexity_component_only_requires_robust_fit_term",FALSE,FALSE,-888.050385878978,-869.662924468467,-880.904391797019,-884.220598644936,NA,NA,NA,3,NA,NA,NA,"shaikh_window",1947,2011,19.419109268782,31.6774168757893,26.9134208211497
1772640365,"SR_none__LR_const","p01_K_only_r1_none_const","computed","none","const",1,1,"K_only",0,1,0,"VECM_ranked_qrestricted",452.286471489546,63,57,3,6,0,6,15,1.02343056756013,1.02343056756013,"ok","complexity_component_only_requires_robust_fit_term",FALSE,FALSE,-874.572942979091,-843.927173961573,-862.662952842492,-862.865625905921,0.0321753685573927,2,0,2,0,NA,NA,"shaikh_window",1947,2011,45.1548597756761,45.1548597756761,45.1548597756762
1772640365,"SR_none__LR_const","p01_K_only_r2_none_const","computed","none","const",1,2,"K_only",0,1,0,"VECM_ranked_qrestricted",456.67588262335,63,57,3,10,0,6,19,0.892401923370905,0.892401923370905,"ok","complexity_component_only_requires_robust_fit_term",FALSE,FALSE,-875.351765246699,-836.533791157843,-860.26577774034,-854.811224706159,0.0386155181769832,1,0,1,0,NA,NA,"shaikh_window",1947,2011,52.5482425794066,44.3760375080684,47.5520348778283
1772640365,"SR_none__LR_const","p01_E_only_r0_none_const","computed","none","const",1,0,"E_only",0,0,1,"VAR_diff_r0",453.025192939489,63,57,3,0,0,6,9,1.58625325469279,1.58625325469279,"ok","complexity_component_only_requires_robust_fit_term",FALSE,FALSE,-888.050385878978,-869.662924468467,-880.904391797019,-884.220598644936,NA,NA,NA,3,NA,NA,NA,"shaikh_window",1947,2011,19.419109268782,31.6774168757893,26.9134208211497
1772640365,"SR_none__LR_const","p01_E_only_r1_none_const","computed","none","const",1,1,"E_only",0,0,1,"VECM_ranked_qrestricted",450.913018139402,63,57,3,6,0,6,15,0.868021127455371,0.868021127455371,"ok","complexity_component_only_requires_robust_fit_term",FALSE,FALSE,-871.826036278805,-841.180267261287,-859.916046142206,-860.118719205634,-0.0417992797954601,2,1,2,0,NA,NA,"shaikh_window",1947,2011,47.9017664759625,47.9017664759625,47.9017664759626
1772640365,"SR_none__LR_const","p01_E_only_r2_none_const","computed","none","const",1,2,"E_only",0,0,1,"VECM_ranked_qrestricted",454.583589510855,63,57,3,10,0,6,19,0.844518401593536,0.844518401593536,"ok","complexity_component_only_requires_robust_fit_term",FALSE,FALSE,-871.16717902171,-832.349204932853,-856.08119151535,-850.626638481169,-0.0212083768408462,1,1,1,0,NA,NA,"shaikh_window",1947,2011,56.7328288043961,48.5606237330579,51.7366211028178
1772640365,"SR_none__LR_const","p01_Y_short_r0_none_const","computed","none","const",1,0,"Y_short",1,1,1,"VAR_diff_r0",453.025192939489,63,57,9,0,0,6,15,1.58625325469279,1.58625325469279,"ok","complexity_component_only_requires_robust_fit_term",FALSE,FALSE,-876.050385878978,-845.40461686146,-864.140395742379,-864.343068805807,NA,NA,NA,3,NA,NA,NA,"shaikh_window",1947,2011,43.6774168757893,43.6774168757893,43.6774168757893
1772640365,"SR_none__LR_const","p01_Y_short_r1_none_const","computed","none","const",1,1,"Y_short",1,1,1,"VECM_ranked_qrestricted",471.897900810729,63,57,9,6,0,6,21,1.02294132807623,1.02294132807623,"ok","complexity_component_only_requires_robust_fit_term",FALSE,FALSE,-901.795801621457,-858.891724996932,-885.121815430218,-875.395801621457,0.0204250210651794,2,0,2,0,NA,NA,"shaikh_window",1947,2011,30.1903087403177,17.9320011333103,22.6959971879501
1772640365,"SR_none__LR_const","p01_Y_short_r2_none_const","computed","none","const",1,2,"Y_short",1,1,1,"VECM_ranked_qrestricted",474.269747604328,63,57,9,10,0,6,25,0.965017216394521,0.965017216394521,"ok","complexity_component_only_requires_robust_fit_term",FALSE,FALSE,-898.539495208655,-847.463213512792,-878.689511647657,-856.604011337688,0.0214941685487606,1,0,1,0,NA,NA,"shaikh_window",1947,2011,41.6188202244577,21.1883075461122,29.1283009705118
1772640365,"SR_none__LR_const","p01_K_short_r0_none_const","computed","none","const",1,0,"K_short",1,1,1,"VAR_diff_r0",453.025192939489,63,57,9,0,0,6,15,1.58625325469279,1.58625325469279,"ok","complexity_component_only_requires_robust_fit_term",FALSE,FALSE,-876.050385878978,-845.40461686146,-864.140395742379,-864.343068805807,NA,NA,NA,3,NA,NA,NA,"shaikh_window",1947,2011,43.6774168757893,43.6774168757893,43.6774168757893
1772640365,"SR_none__LR_const","p01_K_short_r1_none_const","computed","none","const",1,1,"K_short",1,1,1,"VECM_ranked_qrestricted",471.897900810729,63,57,9,6,0,6,21,1.02294132807623,1.02294132807623,"ok","complexity_component_only_requires_robust_fit_term",FALSE,FALSE,-901.795801621457,-858.891724996932,-885.121815430218,-875.395801621457,0.0204250210651794,2,0,2,0,NA,NA,"shaikh_window",1947,2011,30.1903087403177,17.9320011333103,22.6959971879501
1772640365,"SR_none__LR_const","p01_K_short_r2_none_const","computed","none","const",1,2,"K_short",1,1,1,"VECM_ranked_qrestricted",474.269747604328,63,57,9,10,0,6,25,0.965017216394521,0.965017216394521,"ok","complexity_component_only_requires_robust_fit_term",FALSE,FALSE,-898.539495208655,-847.463213512792,-878.689511647657,-856.604011337688,0.0214941685487606,1,0,1,0,NA,NA,"shaikh_window",1947,2011,41.6188202244577,21.1883075461122,29.1283009705118
1772640365,"SR_none__LR_const","p01_E_short_r0_none_const","computed","none","const",1,0,"E_short",1,1,1,"VAR_diff_r0",453.025192939489,63,57,9,0,0,6,15,1.58625325469279,1.58625325469279,"ok","complexity_component_only_requires_robust_fit_term",FALSE,FALSE,-876.050385878978,-845.40461686146,-864.140395742379,-864.343068805807,NA,NA,NA,3,NA,NA,NA,"shaikh_window",1947,2011,43.6774168757893,43.6774168757893,43.6774168757893
1772640365,"SR_none__LR_const","p01_E_short_r1_none_const","computed","none","const",1,1,"E_short",1,1,1,"VECM_ranked_qrestricted",471.897900810729,63,57,9,6,0,6,21,1.02294132807623,1.02294132807623,"ok","complexity_component_only_requires_robust_fit_term",FALSE,FALSE,-901.795801621457,-858.891724996932,-885.121815430218,-875.395801621457,0.0204250210651794,2,0,2,0,NA,NA,"shaikh_window",1947,2011,30.1903087403177,17.9320011333103,22.6959971879501
1772640365,"SR_none__LR_const","p01_E_short_r2_none_const","computed","none","const",1,2,"E_short",1,1,1,"VECM_ranked_qrestricted",474.269747604328,63,57,9,10,0,6,25,0.965017216394521,0.965017216394521,"ok","complexity_component_only_requires_robust_fit_term",FALSE,FALSE,-898.539495208655,-847.463213512792,-878.689511647657,-856.604011337688,0.0214941685487606,1,0,1,0,NA,NA,"shaikh_window",1947,2011,41.6188202244577,21.1883075461122,29.1283009705118
1772640365,"SR_none__LR_const","p02_sym_r0_none_const","computed","none","const",2,0,"sym",2,2,2,"VAR_diff_r0",461.611166570428,62,57,18,0,0,6,24,1.41602656785874,1.41602656785874,"ok","complexity_component_only_requires_robust_fit_term",FALSE,FALSE,-875.222333140857,-826.189102712827,-856.166348922298,-837.722333140857,NA,NA,NA,3,NA,NA,NA,"shaikh_window",1947,2011,62.892931024422,44.5054696139109,51.6514636958705
1772640365,"SR_none__LR_const","p02_sym_r1_none_const","computed","none","const",2,1,"sym",2,2,2,"VECM_ranked_qrestricted",465.972922267854,62,57,18,6,0,6,30,1.34679756121133,1.34679756121133,"ok","complexity_component_only_requires_robust_fit_term",FALSE,FALSE,-871.945844535707,-810.654306500671,-848.125864262509,-800.407382997246,0.0178927101641725,2,0,2,0,NA,NA,"shaikh_window",1947,2011,78.4277272365784,47.7819582190601,59.6919483556594
1772640365,"SR_none__LR_const","p02_sym_r2_none_const","computed","none","const",2,2,"sym",2,2,2,"VECM_ranked_qrestricted",482.091324032978,62,57,18,10,0,6,34,0.828984925267942,0.828984925267942,"ok","complexity_component_only_requires_robust_fit_term",FALSE,FALSE,-896.182648065957,-826.718904959582,-869.186670422998,-788.000829884139,0.0113441871644128,1,0,1,0,NA,NA,"shaikh_window",1947,2011,62.3631287776674,23.5451546888108,38.6311421951699
1772640365,"SR_none__LR_const","p02_Y_only_r0_none_const","computed","none","const",2,0,"Y_only",2,0,0,"VAR_diff_r0",461.611166570428,62,57,6,0,0,6,12,1.41602656785874,1.41602656785874,"ok","complexity_component_only_requires_robust_fit_term",FALSE,FALSE,-899.222333140857,-874.705717926842,-889.694341031577,-892.131424049947,NA,NA,NA,3,NA,NA,NA,"shaikh_window",1947,2011,14.3763158104073,20.5054696139109,18.1234715865911
1772640365,"SR_none__LR_const","p02_Y_only_r1_none_const","computed","none","const",2,1,"Y_only",2,0,0,"VECM_ranked_qrestricted",448.52320640291,62,57,6,6,0,6,18,1.2945627712114,1.2945627712114,"ok","complexity_component_only_requires_robust_fit_term",FALSE,FALSE,-861.04641280582,-824.271489984798,-846.754424641901,-843.04641280582,-0.0374954189693943,2,1,2,0,NA,NA,"shaikh_window",1947,2011,64.8105437524516,58.6813899489479,61.0633879762678
1772640365,"SR_none__LR_const","p02_Y_only_r2_none_const","computed","none","const",2,2,"Y_only",2,0,0,"VECM_ranked_qrestricted",458.816542907209,62,57,6,10,0,6,22,1.07667000613946,1.07667000613946,"ok","complexity_component_only_requires_robust_fit_term",FALSE,FALSE,-873.633085814418,-828.685957922057,-856.165100280739,-843.868379932065,-0.0489500854975806,1,1,1,0,NA,NA,"shaikh_window",1947,2011,60.3960758151918,46.0947169403499,51.6527123374296
1772640365,"SR_none__LR_const","p02_K_only_r0_none_const","computed","none","const",2,0,"K_only",0,2,0,"VAR_diff_r0",461.611166570428,62,57,6,0,0,6,12,1.41602656785874,1.41602656785874,"ok","complexity_component_only_requires_robust_fit_term",FALSE,FALSE,-899.222333140857,-874.705717926842,-889.694341031577,-892.131424049947,NA,NA,NA,3,NA,NA,NA,"shaikh_window",1947,2011,14.3763158104073,20.5054696139109,18.1234715865911
1772640365,"SR_none__LR_const","p02_K_only_r1_none_const","computed","none","const",2,1,"K_only",0,2,0,"VECM_ranked_qrestricted",440.092422190422,62,57,6,6,0,6,18,1.13487507491647,1.13487507491647,"ok","complexity_component_only_requires_robust_fit_term",FALSE,FALSE,-844.184844380845,-807.409921559823,-829.892856216925,-826.184844380845,0.0646794377000934,2,0,2,0,NA,NA,"shaikh_window",1947,2011,81.6721121774267,75.5429583739229,77.9249564012429
1772640365,"SR_none__LR_const","p02_K_only_r2_none_const","computed","none","const",2,2,"K_only",0,2,0,"VECM_ranked_qrestricted",451.617124385235,62,57,6,10,0,6,22,0.887644427973665,0.887644427973665,"ok","complexity_component_only_requires_robust_fit_term",FALSE,FALSE,-859.234248770469,-814.287120878109,-841.76626323679,-829.469542888116,0.063622842955028,1,0,1,0,NA,NA,"shaikh_window",1947,2011,74.7949128591401,60.4935539842983,66.051549381378
1772640365,"SR_none__LR_const","p02_E_only_r0_none_const","computed","none","const",2,0,"E_only",0,0,2,"VAR_diff_r0",461.611166570428,62,57,6,0,0,6,12,1.41602656785874,1.41602656785874,"ok","complexity_component_only_requires_robust_fit_term",FALSE,FALSE,-899.222333140857,-874.705717926842,-889.694341031577,-892.131424049947,NA,NA,NA,3,NA,NA,NA,"shaikh_window",1947,2011,14.3763158104073,20.5054696139109,18.1234715865911
1772640365,"SR_none__LR_const","p02_E_only_r1_none_const","computed","none","const",2,1,"E_only",0,0,2,"VECM_ranked_qrestricted",428.491313821213,62,57,6,6,0,6,18,1.05762782720856,1.05762782720856,"ok","complexity_component_only_requires_robust_fit_term",FALSE,FALSE,-820.982627642426,-784.207704821404,-806.690639478507,-802.982627642426,0.50839028393594,3,0,2,1,NA,NA,"shaikh_window",1947,2011,104.874328915845,98.7451751123414,101.127173139661
1772640365,"SR_none__LR_const","p02_E_only_r2_none_const","computed","none","const",2,2,"E_only",0,0,2,"VECM_ranked_qrestricted",456.958473808079,62,57,6,10,0,6,22,0.842242060590596,0.842242060590596,"ok","complexity_component_only_requires_robust_fit_term",FALSE,FALSE,-869.916947616159,-824.969819723799,-852.44896208248,-840.152241733806,-0.0163175729809681,1,1,1,0,NA,NA,"shaikh_window",1947,2011,64.1122140134505,49.8108551386086,55.3688505356884
1772640365,"SR_none__LR_const","p02_Y_short_r0_none_const","computed","none","const",2,0,"Y_short",1,2,2,"VAR_diff_r0",461.611166570428,62,57,15,0,0,6,21,1.41602656785874,1.41602656785874,"ok","complexity_component_only_requires_robust_fit_term",FALSE,FALSE,-881.222333140857,-838.318256516331,-864.548346949618,-854.822333140857,NA,NA,NA,3,NA,NA,NA,"shaikh_window",1947,2011,50.7637772209183,38.5054696139109,43.2694656685507
1772640365,"SR_none__LR_const","p02_Y_short_r1_none_const","computed","none","const",2,1,"Y_short",1,2,2,"VECM_ranked_qrestricted",462.609289890142,62,57,15,6,0,6,27,1.4154387208681,1.4154387208681,"ok","complexity_component_only_requires_robust_fit_term",FALSE,FALSE,-871.218579780283,-816.056195548751,-849.780597534405,-819.080648745801,0.01134874146556,2,0,2,0,NA,NA,"shaikh_window",1947,2011,73.0258381884987,48.509222974484,58.0372150837635
1772640365,"SR_none__LR_const","p02_Y_short_r2_none_const","computed","none","const",2,2,"Y_short",1,2,2,"VECM_ranked_qrestricted",481.536212152678,62,57,15,10,0,6,31,0.817912875955699,0.817912875955699,"ok","complexity_component_only_requires_robust_fit_term",FALSE,FALSE,-901.072424305356,-837.737835002485,-876.458444689717,-821.712424305356,-0.00426349471839615,1,1,1,0,NA,NA,"shaikh_window",1947,2011,51.3441987347646,18.6553784494118,31.3593679284511
1772640365,"SR_none__LR_const","p02_K_short_r0_none_const","computed","none","const",2,0,"K_short",2,1,2,"VAR_diff_r0",461.611166570428,62,57,15,0,0,6,21,1.41602656785874,1.41602656785874,"ok","complexity_component_only_requires_robust_fit_term",FALSE,FALSE,-881.222333140857,-838.318256516331,-864.548346949618,-854.822333140857,NA,NA,NA,3,NA,NA,NA,"shaikh_window",1947,2011,50.7637772209183,38.5054696139109,43.2694656685507
1772640365,"SR_none__LR_const","p02_K_short_r1_none_const","computed","none","const",2,1,"K_short",2,1,2,"VECM_ranked_qrestricted",461.787274403754,62,57,15,6,0,6,27,1.27220544756891,1.27220544756891,"ok","complexity_component_only_requires_robust_fit_term",FALSE,FALSE,-869.574548807508,-814.412164575975,-848.136566561629,-817.436617773025,0.042042365116491,2,0,2,0,NA,NA,"shaikh_window",1947,2011,74.6698691612744,50.1532539472597,59.6812460565392
1772640365,"SR_none__LR_const","p02_K_short_r2_none_const","computed","none","const",2,2,"K_short",2,1,2,"VECM_ranked_qrestricted",477.777664777259,62,57,15,10,0,6,31,0.803538587807576,0.803538587807576,"ok","complexity_component_only_requires_robust_fit_term",FALSE,FALSE,-893.555329554518,-830.220740251647,-868.94134993888,-814.195329554518,0.0206084430454506,1,0,1,0,NA,NA,"shaikh_window",1947,2011,58.8612934856019,26.1724732002491,38.8764626792884
1772640365,"SR_none__LR_const","p02_E_short_r0_none_const","computed","none","const",2,0,"E_short",2,2,1,"VAR_diff_r0",461.611166570428,62,57,15,0,0,6,21,1.41602656785874,1.41602656785874,"ok","complexity_component_only_requires_robust_fit_term",FALSE,FALSE,-881.222333140857,-838.318256516331,-864.548346949618,-854.822333140857,NA,NA,NA,3,NA,NA,NA,"shaikh_window",1947,2011,50.7637772209183,38.5054696139109,43.2694656685507
1772640365,"SR_none__LR_const","p02_E_short_r1_none_const","computed","none","const",2,1,"E_short",2,2,1,"VECM_ranked_qrestricted",464.393981898093,62,57,15,6,0,6,27,1.33490808031377,1.33490808031377,"ok","complexity_component_only_requires_robust_fit_term",FALSE,FALSE,-874.787963796186,-819.625579564653,-853.349981550307,-822.650032761703,0.0121879517987808,2,0,2,0,NA,NA,"shaikh_window",1947,2011,69.4564541725965,44.9398389585818,54.4678310678613
1772640365,"SR_none__LR_const","p02_E_short_r2_none_const","computed","none","const",2,2,"E_short",2,2,1,"VECM_ranked_qrestricted",479.368964856548,62,57,15,10,0,6,31,0.848779231402176,0.848779231402176,"ok","complexity_component_only_requires_robust_fit_term",FALSE,FALSE,-896.737929713095,-833.403340410224,-872.123950097457,-817.377929713095,0.00556007379661461,1,0,1,0,NA,NA,"shaikh_window",1947,2011,55.6786933270253,22.9898730416725,35.6938625207117
1772640365,"SR_none__LR_const","p03_sym_r0_none_const","computed","none","const",3,0,"sym",3,3,3,"VAR_diff_r0",474.863901377384,61,57,27,0,0,6,33,1.17079350195798,1.17079350195798,"ok","complexity_component_only_requires_robust_fit_term",FALSE,FALSE,-883.727802754767,-816.307110916227,-857.525824454249,-786.162585363463,NA,NA,NA,3,NA,NA,NA,"shaikh_window",1947,2011,72.774922821022,36,50.2919881639191
1772640365,"SR_none__LR_const","p03_sym_r1_none_const","computed","none","const",3,1,"sym",3,3,3,"VECM_ranked_qrestricted",480.309853117066,61,57,27,6,0,6,39,1.22895198115883,1.22895198115883,"ok","complexity_component_only_requires_robust_fit_term",FALSE,FALSE,-882.619706234132,-802.940706788585,-851.653731878974,-699.090294469427,-0.0226276214106649,2,1,2,0,NA,NA,"shaikh_window",1947,2011,86.1413269486643,37.1080965206351,56.1640807391939
1772640365,"SR_none__LR_const","p03_sym_r2_none_const","computed","none","const",3,2,"sym",3,3,3,"VECM_ranked_qrestricted",488.322122327266,61,57,27,10,0,6,43,1.00065673114401,1.00065673114401,"ok","complexity_component_only_requires_robust_fit_term",FALSE,FALSE,-890.644244654533,-802.793040137647,-856.502272929615,-599.56732157761,0.00690968939368364,1,0,1,0,NA,NA,"shaikh_window",1947,2011,86.2889935996021,29.0835581002347,51.3155396885533
1772640365,"SR_none__LR_const","p03_Y_only_r0_none_const","computed","none","const",3,0,"Y_only",3,0,0,"VAR_diff_r0",474.863901377384,61,57,9,0,0,6,15,1.17079350195798,1.17079350195798,"ok","complexity_component_only_requires_robust_fit_term",FALSE,FALSE,-919.727802754767,-889.082033737249,-907.817812618168,-908.020485681597,NA,NA,NA,3,NA,NA,NA,"shaikh_window",1947,2011,0,0,0
1772640365,"SR_none__LR_const","p03_Y_only_r1_none_const","computed","none","const",3,1,"Y_only",3,0,0,"VECM_ranked_qrestricted",452.308060364204,61,57,9,6,0,6,21,1.09854905471408,1.09854905471408,"ok","complexity_component_only_requires_robust_fit_term",FALSE,FALSE,-862.616120728408,-819.712044103882,-845.942134537169,-836.216120728408,-0.0174136965459886,2,1,2,0,NA,NA,"shaikh_window",1947,2011,69.3699896333671,57.1116820263597,61.8756780809995
1772640365,"SR_none__LR_const","p03_Y_only_r2_none_const","computed","none","const",3,2,"Y_only",3,0,0,"VECM_ranked_qrestricted",459.204510552987,61,57,9,10,0,6,25,1.02487992590789,1.02487992590789,"ok","complexity_component_only_requires_robust_fit_term",FALSE,FALSE,-868.409021105975,-817.332739410111,-848.559037544976,-826.473537235007,-0.0369839716353682,1,1,1,0,NA,NA,"shaikh_window",1947,2011,71.7492943271384,51.3187816487929,59.2587750731924
1772640365,"SR_none__LR_const","p03_K_only_r0_none_const","computed","none","const",3,0,"K_only",0,3,0,"VAR_diff_r0",474.863901377384,61,57,9,0,0,6,15,1.17079350195798,1.17079350195798,"ok","complexity_component_only_requires_robust_fit_term",FALSE,FALSE,-919.727802754767,-889.082033737249,-907.817812618168,-908.020485681597,NA,NA,NA,3,NA,NA,NA,"shaikh_window",1947,2011,0,0,0
1772640365,"SR_none__LR_const","p03_K_only_r1_none_const","computed","none","const",3,1,"K_only",0,3,0,"VECM_ranked_qrestricted",442.070556745484,61,57,9,6,0,6,21,0.954710289335779,0.954710289335779,"ok","complexity_component_only_requires_robust_fit_term",FALSE,FALSE,-842.141113490967,-799.237036866442,-825.467127299728,-815.741113490967,0.056757785574992,2,0,2,0,NA,NA,"shaikh_window",1947,2011,89.8449968708076,77.5866892638002,82.3506853184399
1772640365,"SR_none__LR_const","p03_K_only_r2_none_const","computed","none","const",3,2,"K_only",0,3,0,"VECM_ranked_qrestricted",448.509089769877,61,57,9,10,0,6,25,0.845410732610691,0.845410732610691,"ok","complexity_component_only_requires_robust_fit_term",FALSE,FALSE,-847.018179539754,-795.94189784389,-827.168195978755,-805.082695668786,0.0583661956929336,1,0,1,0,NA,NA,"shaikh_window",1947,2011,93.1401358933592,72.7096232150137,80.6496166394132
1772640365,"SR_none__LR_const","p03_E_only_r0_none_const","computed","none","const",3,0,"E_only",0,0,3,"VAR_diff_r0",474.863901377384,61,57,9,0,0,6,15,1.17079350195798,1.17079350195798,"ok","complexity_component_only_requires_robust_fit_term",FALSE,FALSE,-919.727802754767,-889.082033737249,-907.817812618168,-908.020485681597,NA,NA,NA,3,NA,NA,NA,"shaikh_window",1947,2011,0,0,0
1772640365,"SR_none__LR_const","p03_E_only_r1_none_const","computed","none","const",3,1,"E_only",0,0,3,"VECM_ranked_qrestricted",437.065633780873,61,57,9,6,0,6,21,0.871557892850667,0.871557892850667,"ok","complexity_component_only_requires_robust_fit_term",FALSE,FALSE,-832.131267561747,-789.227190937221,-815.457281370508,-805.731267561747,0.0183972756256902,2,0,2,0,NA,NA,"shaikh_window",1947,2011,99.8548428000281,87.5965351930207,92.3605312476604
1772640365,"SR_none__LR_const","p03_E_only_r2_none_const","computed","none","const",3,2,"E_only",0,0,3,"VECM_ranked_qrestricted",457.98380613855,61,57,9,10,0,6,25,0.76334923067127,0.76334923067127,"ok","complexity_component_only_requires_robust_fit_term",FALSE,FALSE,-865.9676122771,-814.891330581237,-846.117628716102,-824.032128406133,0.0400905992187364,1,0,1,0,NA,NA,"shaikh_window",1947,2011,74.1907031560127,53.7601904776672,61.7001839020667
1772640365,"SR_none__LR_const","p03_Y_short_r0_none_const","computed","none","const",3,0,"Y_short",1,3,3,"VAR_diff_r0",474.863901377384,61,57,21,0,0,6,27,1.17079350195798,1.17079350195798,"ok","complexity_component_only_requires_robust_fit_term",FALSE,FALSE,-895.727802754767,-840.565418523235,-874.289820508889,-843.589871720285,NA,NA,NA,3,NA,NA,NA,"shaikh_window",1947,2011,48.5166152140147,24,33.5279921092795
1772640365,"SR_none__LR_const","p03_Y_short_r1_none_const","computed","none","const",3,1,"Y_short",1,3,3,"VECM_ranked_qrestricted",471.446132016757,61,57,21,6,0,6,33,1.2922743171587,1.2922743171587,"ok","complexity_component_only_requires_robust_fit_term",FALSE,FALSE,-876.892264033515,-809.471572194975,-850.690285732997,-779.32704664221,-0.0193393774675983,2,1,2,0,NA,NA,"shaikh_window",1947,2011,79.6104615422746,42.8355387212526,57.1275268851717
1772640365,"SR_none__LR_const","p03_Y_short_r2_none_const","computed","none","const",3,2,"Y_short",1,3,3,"VECM_ranked_qrestricted",483.803328113683,61,57,21,10,0,6,37,0.940542368077939,0.940542368077939,"ok","complexity_component_only_requires_robust_fit_term",FALSE,FALSE,-893.606656227366,-818.013759317488,-864.228680557088,-745.606656227366,0.0112556817077103,1,0,1,0,NA,NA,"shaikh_window",1947,2011,71.0682744197615,26.1211465274013,43.5891320610801
1772640365,"SR_none__LR_const","p03_K_short_r0_none_const","computed","none","const",3,0,"K_short",3,1,3,"VAR_diff_r0",474.863901377384,61,57,21,0,0,6,27,1.17079350195798,1.17079350195798,"ok","complexity_component_only_requires_robust_fit_term",FALSE,FALSE,-895.727802754767,-840.565418523235,-874.289820508889,-843.589871720285,NA,NA,NA,3,NA,NA,NA,"shaikh_window",1947,2011,48.5166152140147,24,33.5279921092795
1772640365,"SR_none__LR_const","p03_K_short_r1_none_const","computed","none","const",3,1,"K_short",3,1,3,"VECM_ranked_qrestricted",470.966403809786,61,57,21,6,0,6,33,1.16556819917939,1.16556819917939,"ok","complexity_component_only_requires_robust_fit_term",FALSE,FALSE,-875.932807619572,-808.512115781032,-849.730829319053,-778.367590228267,0.275458280949773,3,0,2,1,NA,NA,"shaikh_window",1947,2011,80.5699179562178,43.7949951351958,58.0869832991149
1772640365,"SR_none__LR_const","p03_K_short_r2_none_const","computed","none","const",3,2,"K_short",3,1,3,"VECM_ranked_qrestricted",479.035229015586,61,57,21,10,0,6,37,0.940307306495356,0.940307306495356,"ok","complexity_component_only_requires_robust_fit_term",FALSE,FALSE,-884.070458031171,-808.477561121293,-854.692482360893,-736.070458031171,0.0274129132917755,1,0,1,0,NA,NA,"shaikh_window",1947,2011,80.6044726159565,35.6573447235963,53.1253302572752
1772640365,"SR_none__LR_const","p03_E_short_r0_none_const","computed","none","const",3,0,"E_short",3,3,1,"VAR_diff_r0",474.863901377384,61,57,21,0,0,6,27,1.17079350195798,1.17079350195798,"ok","complexity_component_only_requires_robust_fit_term",FALSE,FALSE,-895.727802754767,-840.565418523235,-874.289820508889,-843.589871720285,NA,NA,NA,3,NA,NA,NA,"shaikh_window",1947,2011,48.5166152140147,24,33.5279921092795
1772640365,"SR_none__LR_const","p03_E_short_r1_none_const","computed","none","const",3,1,"E_short",3,3,1,"VECM_ranked_qrestricted",473.127631435191,61,57,21,6,0,6,33,1.18736622551019,1.18736622551019,"ok","complexity_component_only_requires_robust_fit_term",FALSE,FALSE,-880.255262870381,-812.834571031841,-854.053284569863,-782.690045479077,-0.0473518506915132,2,1,2,0,NA,NA,"shaikh_window",1947,2011,76.2474627054082,39.4725398843863,53.7645280483054
1772640365,"SR_none__LR_const","p03_E_short_r2_none_const","computed","none","const",3,2,"E_short",3,3,1,"VECM_ranked_qrestricted",485.465734311822,61,57,21,10,0,6,37,0.962846668233269,0.962846668233269,"ok","complexity_component_only_requires_robust_fit_term",FALSE,FALSE,-896.931468623644,-821.338571713765,-867.553492953366,-748.931468623644,-0.0247816615363621,1,1,1,0,NA,NA,"shaikh_window",1947,2011,67.7434620234841,22.7963341311239,40.2643196648028
1772640365,"SR_none__LR_const","p04_sym_r0_none_const","computed","none","const",4,0,"sym",4,4,4,"VAR_diff_r0",473.742393812729,60,57,36,0,0,6,42,1.15207851761861,1.15207851761861,"ok","complexity_component_only_requires_robust_fit_term",FALSE,FALSE,-863.484787625458,-777.676634376407,-830.13681524298,-605.484787625458,NA,NA,NA,3,NA,NA,NA,"shaikh_window",1947,2011,111.405399360842,56.2430151293095,77.6809973751881
1772640365,"SR_none__LR_const","p04_sym_r1_none_const","computed","none","const",4,1,"sym",4,4,4,"VECM_ranked_qrestricted",477.472032726277,60,57,36,6,0,6,48,1.20509175534179,1.20509175534179,"ok","complexity_component_only_requires_robust_fit_term",FALSE,FALSE,-858.944065452554,-760.877604596495,-820.832097015436,-270.944065452554,-0.0358343391962954,2,1,2,0,NA,NA,"shaikh_window",1947,2011,128.204429140754,60.7837373022139,86.9857156027323
1772640365,"SR_none__LR_const","p04_sym_r2_none_const","computed","none","const",4,2,"sym",4,4,4,"VECM_ranked_qrestricted",485.625743968282,60,57,36,10,0,6,52,0.967612728178629,0.967612728178629,"ok","complexity_component_only_requires_robust_fit_term",FALSE,FALSE,-867.251487936563,-761.012822009166,-825.963522129686,510.748512063437,-0.00351694849845208,1,1,1,0,NA,NA,"shaikh_window",1947,2011,128.069211728083,52.4763148182044,81.8542904884825
1772640365,"SR_none__LR_const","p04_Y_only_r0_none_const","computed","none","const",4,0,"Y_only",4,0,0,"VAR_diff_r0",473.742393812729,60,57,12,0,0,6,18,1.15207851761861,1.15207851761861,"ok","complexity_component_only_requires_robust_fit_term",FALSE,FALSE,-911.484787625458,-874.709864804436,-897.192799461539,-893.484787625458,NA,NA,NA,3,NA,NA,NA,"shaikh_window",1947,2011,14.3721689328131,8.24301512930947,10.6250131566294
1772640365,"SR_none__LR_const","p04_Y_only_r1_none_const","computed","none","const",4,1,"Y_only",4,0,0,"VECM_ranked_qrestricted",445.227689628333,60,57,12,6,0,6,24,1.08407429417841,1.08407429417841,"ok","complexity_component_only_requires_robust_fit_term",FALSE,FALSE,-842.455379256666,-793.422148828637,-823.399395038108,-804.955379256666,-0.0283974046618083,2,1,2,0,NA,NA,"shaikh_window",1947,2011,95.6598849086121,77.272423498101,84.4184175800606
1772640365,"SR_none__LR_const","p04_Y_only_r2_none_const","computed","none","const",4,2,"Y_only",4,0,0,"VECM_ranked_qrestricted",452.060550288644,60,57,12,10,0,6,28,1.03104323103349,1.03104323103349,"ok","complexity_component_only_requires_robust_fit_term",FALSE,FALSE,-848.121100577288,-790.91566507792,-825.889118988969,-790.121100577288,-0.072089013829518,1,1,1,0,NA,NA,"shaikh_window",1947,2011,98.1663686593292,71.60670217748,81.9286936291994
1772640365,"SR_none__LR_const","p04_K_only_r0_none_const","computed","none","const",4,0,"K_only",0,4,0,"VAR_diff_r0",473.742393812729,60,57,12,0,0,6,18,1.15207851761861,1.15207851761861,"ok","complexity_component_only_requires_robust_fit_term",FALSE,FALSE,-911.484787625458,-874.709864804436,-897.192799461539,-893.484787625458,NA,NA,NA,3,NA,NA,NA,"shaikh_window",1947,2011,14.3721689328131,8.24301512930947,10.6250131566294
1772640365,"SR_none__LR_const","p04_K_only_r1_none_const","computed","none","const",4,1,"K_only",0,4,0,"VECM_ranked_qrestricted",440.135423617663,60,57,12,6,0,6,24,1.03619517341631,1.03619517341631,"ok","complexity_component_only_requires_robust_fit_term",FALSE,FALSE,-832.270847235325,-783.237616807296,-813.214863016767,-794.770847235325,0.123163116720577,2,0,2,0,NA,NA,"shaikh_window",1947,2011,105.844416929953,87.4569555194421,94.6029496014016
1772640365,"SR_none__LR_const","p04_K_only_r2_none_const","computed","none","const",4,2,"K_only",0,4,0,"VECM_ranked_qrestricted",445.690990870387,60,57,12,10,0,6,28,0.90416732751796,0.90416732751796,"ok","complexity_component_only_requires_robust_fit_term",FALSE,FALSE,-835.381981740775,-778.176546241407,-813.150000152456,-777.381981740775,0.143401587084417,1,0,1,0,NA,NA,"shaikh_window",1947,2011,110.905487495842,84.3458210139929,94.6678124657124
1772640365,"SR_none__LR_const","p04_E_only_r0_none_const","computed","none","const",4,0,"E_only",0,0,4,"VAR_diff_r0",473.742393812729,60,57,12,0,0,6,18,1.15207851761861,1.15207851761861,"ok","complexity_component_only_requires_robust_fit_term",FALSE,FALSE,-911.484787625458,-874.709864804436,-897.192799461539,-893.484787625458,NA,NA,NA,3,NA,NA,NA,"shaikh_window",1947,2011,14.3721689328131,8.24301512930947,10.6250131566294
1772640365,"SR_none__LR_const","p04_E_only_r1_none_const","computed","none","const",4,1,"E_only",0,0,4,"VECM_ranked_qrestricted",431.611807423432,60,57,12,6,0,6,24,0.876219368454439,0.876219368454439,"ok","complexity_component_only_requires_robust_fit_term",FALSE,FALSE,-815.223614846864,-766.190384418834,-796.167630628305,-777.723614846864,0.0373521848178436,2,0,2,0,NA,NA,"shaikh_window",1947,2011,122.891649318415,104.504187907904,111.650181989863
1772640365,"SR_none__LR_const","p04_E_only_r2_none_const","computed","none","const",4,2,"E_only",0,0,4,"VECM_ranked_qrestricted",450.213735265077,60,57,12,10,0,6,28,0.788863190367088,0.788863190367088,"ok","complexity_component_only_requires_robust_fit_term",FALSE,FALSE,-844.427470530153,-787.222035030786,-822.195488941835,-786.427470530153,0.0455058692490444,1,0,1,0,NA,NA,"shaikh_window",1947,2011,101.859998706464,75.3003322246143,85.6223236763337
1772640365,"SR_none__LR_const","p04_Y_short_r0_none_const","computed","none","const",4,0,"Y_short",1,4,4,"VAR_diff_r0",473.742393812729,60,57,27,0,0,6,33,1.15207851761861,1.15207851761861,"ok","complexity_component_only_requires_robust_fit_term",FALSE,FALSE,-881.484787625458,-814.064095786918,-855.28280932494,-783.919570234154,NA,NA,NA,3,NA,NA,NA,"shaikh_window",1947,2011,75.0179379503314,38.2430151293095,52.5350032932286
1772640365,"SR_none__LR_const","p04_Y_short_r1_none_const","computed","none","const",4,1,"Y_short",1,4,4,"VECM_ranked_qrestricted",468.654183579275,60,57,27,6,0,6,39,1.37653841272529,1.37653841272529,"ok","complexity_component_only_requires_robust_fit_term",FALSE,FALSE,-859.30836715855,-779.629367713003,-828.342392803392,-675.778955393845,-0.00762751116650962,2,1,2,0,NA,NA,"shaikh_window",1947,2011,109.452666024246,60.419435596217,79.4754198147758
1772640365,"SR_none__LR_const","p04_Y_short_r2_none_const","computed","none","const",4,2,"Y_short",1,4,4,"VECM_ranked_qrestricted",481.140114853123,60,57,27,10,0,6,43,0.932765610918093,0.932765610918093,"ok","complexity_component_only_requires_robust_fit_term",FALSE,FALSE,-876.280229706245,-788.429025189359,-842.138257981327,-585.203306629322,0.0264258298893102,1,0,1,0,NA,NA,"shaikh_window",1947,2011,100.65300854789,43.4475730485224,65.679554636841
1772640365,"SR_none__LR_const","p04_K_short_r0_none_const","computed","none","const",4,0,"K_short",4,1,4,"VAR_diff_r0",473.742393812729,60,57,27,0,0,6,33,1.15207851761861,1.15207851761861,"ok","complexity_component_only_requires_robust_fit_term",FALSE,FALSE,-881.484787625458,-814.064095786918,-855.28280932494,-783.919570234154,NA,NA,NA,3,NA,NA,NA,"shaikh_window",1947,2011,75.0179379503314,38.2430151293095,52.5350032932286
1772640365,"SR_none__LR_const","p04_K_short_r1_none_const","computed","none","const",4,1,"K_short",4,1,4,"VECM_ranked_qrestricted",468.293281019302,60,57,27,6,0,6,39,1.18381313765042,1.18381313765042,"ok","complexity_component_only_requires_robust_fit_term",FALSE,FALSE,-858.586562038603,-778.907562593056,-827.620587683445,-675.057150273898,-0.0116681346189027,2,1,2,0,NA,NA,"shaikh_window",1947,2011,110.174471144193,61.141240716164,80.1972249347228
1772640365,"SR_none__LR_const","p04_K_short_r2_none_const","computed","none","const",4,2,"K_short",4,1,4,"VECM_ranked_qrestricted",475.340881268019,60,57,27,10,0,6,43,0.994220832617589,0.994220832617589,"ok","complexity_component_only_requires_robust_fit_term",FALSE,FALSE,-864.681762536037,-776.830558019152,-830.539790811119,-573.604839459114,0.0170508558341168,1,0,1,0,NA,NA,"shaikh_window",1947,2011,112.251475718098,55.0460402187302,77.2780218070488
1772640365,"SR_none__LR_const","p04_E_short_r0_none_const","computed","none","const",4,0,"E_short",4,4,1,"VAR_diff_r0",473.742393812729,60,57,27,0,0,6,33,1.15207851761861,1.15207851761861,"ok","complexity_component_only_requires_robust_fit_term",FALSE,FALSE,-881.484787625458,-814.064095786918,-855.28280932494,-783.919570234154,NA,NA,NA,3,NA,NA,NA,"shaikh_window",1947,2011,75.0179379503314,38.2430151293095,52.5350032932286
1772640365,"SR_none__LR_const","p04_E_short_r1_none_const","computed","none","const",4,1,"E_short",4,4,1,"VECM_ranked_qrestricted",472.030431053947,60,57,27,6,0,6,39,1.14860245234152,1.14860245234152,"ok","complexity_component_only_requires_robust_fit_term",FALSE,FALSE,-866.060862107893,-786.381862662346,-835.094887752735,-682.531450343188,-0.0520326917831624,2,1,2,0,NA,NA,"shaikh_window",1947,2011,102.700171074903,53.6669406468741,72.7229248654329
1772640365,"SR_none__LR_const","p04_E_short_r2_none_const","computed","none","const",4,2,"E_short",4,4,1,"VECM_ranked_qrestricted",481.738735870778,60,57,27,10,0,6,43,0.97217834494089,0.97217834494089,"ok","complexity_component_only_requires_robust_fit_term",FALSE,FALSE,-877.477471741556,-789.626267224671,-843.335500016638,-586.400548664633,-0.042293075094235,1,1,1,0,NA,NA,"shaikh_window",1947,2011,99.4557665125787,42.2503310132113,64.4823126015299
1772640365,"SR_none__LR_const","p05_sym_r0_none_const","computed","none","const",5,0,"sym",5,5,5,"VAR_diff_r0",467.989833969658,59,57,45,0,0,6,51,1.12875357185875,1.12875357185875,"ok","complexity_component_only_requires_robust_fit_term",FALSE,FALSE,-833.979667939316,-729.784053279754,-793.485701474879,226.820332060684,NA,NA,NA,3,NA,NA,NA,"shaikh_window",1947,2011,159.297980457495,85.7481348154512,114.332111143289
1772640365,"SR_none__LR_const","p05_sym_r1_none_const","computed","none","const",5,1,"sym",5,5,5,"VECM_ranked_qrestricted",472.043814836658,59,57,45,6,0,6,57,1.2138564813234,1.2138564813234,"ok","complexity_component_only_requires_robust_fit_term",FALSE,FALSE,-830.087629673316,-713.633707406746,-784.829667154238,NA,-0.0201451015207805,2,2,2,0,NA,NA,"shaikh_window",1947,2011,175.448326330503,89.640173081452,122.98814546393
1772640365,"SR_none__LR_const","p05_sym_r2_none_const","computed","none","const",5,2,"sym",5,5,5,"VECM_ranked_qrestricted",481.153048212264,59,57,45,10,0,6,61,0.928775734215122,0.928775734215122,"ok","complexity_component_only_requires_robust_fit_term",FALSE,FALSE,-840.306096424529,-715.679969086621,-791.872136535692,NA,-0.0357189740232917,1,1,1,0,NA,NA,"shaikh_window",1947,2011,173.402064650628,79.4217063302386,115.945676082476
1772640365,"SR_none__LR_const","p05_Y_only_r0_none_const","computed","none","const",5,0,"Y_only",5,0,0,"VAR_diff_r0",467.989833969658,59,57,15,0,0,6,21,1.12875357185875,1.12875357185875,"ok","complexity_component_only_requires_robust_fit_term",FALSE,FALSE,-893.979667939316,-851.075591314791,-877.305681748077,-867.579667939316,NA,NA,NA,3,NA,NA,NA,"shaikh_window",1947,2011,38.0064424224586,25.7481348154512,30.5121308700909
1772640365,"SR_none__LR_const","p05_Y_only_r1_none_const","computed","none","const",5,1,"Y_only",5,0,0,"VECM_ranked_qrestricted",437.431285983802,59,57,15,6,0,6,27,1.11550151815058,1.11550151815058,"ok","complexity_component_only_requires_robust_fit_term",FALSE,FALSE,-820.862571967604,-765.700187736071,-799.424589721725,-768.724640933121,-0.12118257141074,2,1,2,0,NA,NA,"shaikh_window",1947,2011,123.381846001178,98.8652307871636,108.393222896443
1772640365,"SR_none__LR_const","p05_Y_only_r2_none_const","computed","none","const",5,2,"Y_only",5,0,0,"VECM_ranked_qrestricted",445.578634928682,59,57,15,10,0,6,31,1.09267281048513,1.09267281048513,"ok","complexity_component_only_requires_robust_fit_term",FALSE,FALSE,-829.157269857364,-765.822680554493,-804.543290241725,-749.797269857364,-0.234234413820099,1,1,1,0,NA,NA,"shaikh_window",1947,2011,123.259353182757,90.5705328974037,103.274522376443
1772640365,"SR_none__LR_const","p05_K_only_r0_none_const","computed","none","const",5,0,"K_only",0,5,0,"VAR_diff_r0",467.989833969658,59,57,15,0,0,6,21,1.12875357185875,1.12875357185875,"ok","complexity_component_only_requires_robust_fit_term",FALSE,FALSE,-893.979667939316,-851.075591314791,-877.305681748077,-867.579667939316,NA,NA,NA,3,NA,NA,NA,"shaikh_window",1947,2011,38.0064424224586,25.7481348154512,30.5121308700909
1772640365,"SR_none__LR_const","p05_K_only_r1_none_const","computed","none","const",5,1,"K_only",0,5,0,"VECM_ranked_qrestricted",433.509788451776,59,57,15,6,0,6,27,1.10486028913784,1.10486028913784,"ok","complexity_component_only_requires_robust_fit_term",FALSE,FALSE,-813.019576903551,-757.857192672018,-791.581594657673,-760.881645869068,0.0583264347987983,2,0,2,0,NA,NA,"shaikh_window",1947,2011,131.224841065231,106.708225851216,116.236217960496
1772640365,"SR_none__LR_const","p05_K_only_r2_none_const","computed","none","const",5,2,"K_only",0,5,0,"VECM_ranked_qrestricted",440.058093617584,59,57,15,10,0,6,31,0.920190983031915,0.920190983031915,"ok","complexity_component_only_requires_robust_fit_term",FALSE,FALSE,-818.116187235168,-754.781597932297,-793.50220761953,-738.756187235168,0.0999118829637243,1,0,1,0,NA,NA,"shaikh_window",1947,2011,134.300435804952,101.611615519599,114.315604998639
1772640365,"SR_none__LR_const","p05_E_only_r0_none_const","computed","none","const",5,0,"E_only",0,0,5,"VAR_diff_r0",467.989833969658,59,57,15,0,0,6,21,1.12875357185875,1.12875357185875,"ok","complexity_component_only_requires_robust_fit_term",FALSE,FALSE,-893.979667939316,-851.075591314791,-877.305681748077,-867.579667939316,NA,NA,NA,3,NA,NA,NA,"shaikh_window",1947,2011,38.0064424224586,25.7481348154512,30.5121308700909
1772640365,"SR_none__LR_const","p05_E_only_r1_none_const","computed","none","const",5,1,"E_only",0,0,5,"VECM_ranked_qrestricted",420.945271356326,59,57,15,6,0,6,27,1.11430392556935,1.11430392556935,"ok","complexity_component_only_requires_robust_fit_term",FALSE,FALSE,-787.890542712652,-732.728158481119,-766.452560466773,-735.752611678169,-0.070553763977689,2,1,2,0,NA,NA,"shaikh_window",1947,2011,156.35387525613,131.837260042116,141.365252151395
1772640365,"SR_none__LR_const","p05_E_only_r2_none_const","computed","none","const",5,2,"E_only",0,0,5,"VECM_ranked_qrestricted",446.833719394064,59,57,15,10,0,6,31,0.885204713887276,0.885204713887276,"ok","complexity_component_only_requires_robust_fit_term",FALSE,FALSE,-831.667438788129,-768.332849485258,-807.05345917249,-752.307438788129,-0.010648082875089,1,1,1,0,NA,NA,"shaikh_window",1947,2011,120.749184251991,88.0603639666386,100.764353445678
1772640365,"SR_none__LR_const","p05_Y_short_r0_none_const","computed","none","const",5,0,"Y_short",1,5,5,"VAR_diff_r0",467.989833969658,59,57,33,0,0,6,39,1.12875357185875,1.12875357185875,"ok","complexity_component_only_requires_robust_fit_term",FALSE,FALSE,-857.979667939316,-778.300668493769,-827.013693584158,-674.45025617461,NA,NA,NA,3,NA,NA,NA,"shaikh_window",1947,2011,110.78136524348,61.7481348154512,80.80411903401
1772640365,"SR_none__LR_const","p05_Y_short_r1_none_const","computed","none","const",5,1,"Y_short",1,5,5,"VECM_ranked_qrestricted",461.309499681253,59,57,33,6,0,6,45,1.42375911691618,1.42375911691618,"ok","complexity_component_only_requires_robust_fit_term",FALSE,FALSE,-832.618999362506,-740.681692309951,-796.889028952708,-456.25536299887,-0.0470826253710168,2,2,2,0,NA,NA,"shaikh_window",1947,2011,148.400341427298,87.1088033922614,110.92878366546
1772640365,"SR_none__LR_const","p05_Y_short_r2_none_const","computed","none","const",5,2,"Y_short",1,5,5,"VECM_ranked_qrestricted",476.544127022979,59,57,33,10,0,6,49,0.879699006332316,0.879699006332316,"ok","complexity_component_only_requires_robust_fit_term",FALSE,FALSE,-855.088254045958,-754.978741922065,-816.182286266401,-155.088254045958,-0.0143715597247662,1,1,1,0,NA,NA,"shaikh_window",1947,2011,134.103291815184,64.6395487088095,91.6355263517678
1772640365,"SR_none__LR_const","p05_K_short_r0_none_const","computed","none","const",5,0,"K_short",5,1,5,"VAR_diff_r0",467.989833969658,59,57,33,0,0,6,39,1.12875357185875,1.12875357185875,"ok","complexity_component_only_requires_robust_fit_term",FALSE,FALSE,-857.979667939316,-778.300668493769,-827.013693584158,-674.45025617461,NA,NA,NA,3,NA,NA,NA,"shaikh_window",1947,2011,110.78136524348,61.7481348154512,80.80411903401
1772640365,"SR_none__LR_const","p05_K_short_r1_none_const","computed","none","const",5,1,"K_short",5,1,5,"VECM_ranked_qrestricted",462.46244808923,59,57,33,6,0,6,45,1.25792413282929,1.25792413282929,"ok","complexity_component_only_requires_robust_fit_term",FALSE,FALSE,-834.92489617846,-742.987589125905,-799.194925768662,-458.561259814823,0.0134925204763425,3,0,2,1,NA,NA,"shaikh_window",1947,2011,146.094444611344,84.8029065763077,108.622886849506
1772640365,"SR_none__LR_const","p05_K_short_r2_none_const","computed","none","const",5,2,"K_short",5,1,5,"VECM_ranked_qrestricted",470.459350810316,59,57,33,10,0,6,49,1.01424138480341,1.01424138480341,"ok","complexity_component_only_requires_robust_fit_term",FALSE,FALSE,-842.918701620633,-742.80918949674,-804.012733841075,-142.918701620633,-0.0309445289130086,1,1,1,0,NA,NA,"shaikh_window",1947,2011,146.27284424051,76.8091011341349,103.805078777093
1772640365,"SR_none__LR_const","p05_E_short_r0_none_const","computed","none","const",5,0,"E_short",5,5,1,"VAR_diff_r0",467.989833969658,59,57,33,0,0,6,39,1.12875357185875,1.12875357185875,"ok","complexity_component_only_requires_robust_fit_term",FALSE,FALSE,-857.979667939316,-778.300668493769,-827.013693584158,-674.45025617461,NA,NA,NA,3,NA,NA,NA,"shaikh_window",1947,2011,110.78136524348,61.7481348154512,80.80411903401
1772640365,"SR_none__LR_const","p05_E_short_r1_none_const","computed","none","const",5,1,"E_short",5,5,1,"VECM_ranked_qrestricted",465.25993536548,59,57,33,6,0,6,45,1.07254335341831,1.07254335341831,"ok","complexity_component_only_requires_robust_fit_term",FALSE,FALSE,-840.51987073096,-748.582563678405,-804.789900321162,-464.156234367323,-0.0483217259569928,2,2,2,0,NA,NA,"shaikh_window",1947,2011,140.499470058844,79.2079320238078,103.027912297006
1772640365,"SR_none__LR_const","p05_E_short_r2_none_const","computed","none","const",5,2,"E_short",5,5,1,"VECM_ranked_qrestricted",474.068993537851,59,57,33,10,0,6,49,0.963340664394881,0.963340664394881,"ok","complexity_component_only_requires_robust_fit_term",FALSE,FALSE,-850.137987075701,-750.028474951808,-811.232019296144,-150.137987075701,-0.151568800980574,1,1,1,0,NA,NA,"shaikh_window",1947,2011,139.053558785441,69.5898156790662,96.5857933220245
1772640365,"SR_none__LR_const","p06_sym_r0_none_const","computed","none","const",6,0,"sym",6,6,6,"VAR_diff_r0",461.514467720102,58,57,54,0,0,6,60,1.10967399044454,1.10967399044454,"ok","complexity_component_only_requires_robust_fit_term",FALSE,FALSE,-803.028935440203,-680.44585937013,-755.388974893806,NA,NA,NA,NA,3,NA,NA,NA,"shaikh_window",1947,2011,208.636174367119,116.698867314564,152.428837724362
1772640365,"SR_none__LR_const","p06_sym_r1_none_const","computed","none","const",6,1,"sym",6,6,6,"VECM_ranked_qrestricted",467.00378029854,58,57,54,6,0,6,66,1.2001436609429,1.2001436609429,"ok","complexity_component_only_requires_robust_fit_term",FALSE,FALSE,-802.00756059708,-667.166176919999,-749.603603996043,NA,0.0194384324506284,2,0,2,0,NA,NA,"shaikh_window",1947,2011,221.91585681725,117.720242157688,158.214208622125
1772640365,"SR_none__LR_const","p06_sym_r2_none_const","computed","none","const",6,2,"sym",6,6,6,"VECM_ranked_qrestricted",476.892009046988,58,57,54,10,0,6,70,0.973884429415943,0.973884429415943,"ok","complexity_component_only_requires_robust_fit_term",FALSE,FALSE,-813.784018093977,-670.770429345558,-758.204064123181,NA,-0.0309071326433017,1,1,1,0,NA,NA,"shaikh_window",1947,2011,218.311604391691,105.943784660791,149.613748494988
1772640365,"SR_none__LR_const","p06_Y_only_r0_none_const","computed","none","const",6,0,"Y_only",6,0,0,"VAR_diff_r0",461.514467720102,58,57,18,0,0,6,24,1.10967399044454,1.10967399044454,"ok","complexity_component_only_requires_robust_fit_term",FALSE,FALSE,-875.028935440203,-825.995705012174,-855.972951221645,-837.528935440203,NA,NA,NA,3,NA,NA,NA,"shaikh_window",1947,2011,63.0863287250752,44.6988673145642,51.8448613965237
1772640365,"SR_none__LR_const","p06_Y_only_r1_none_const","computed","none","const",6,1,"Y_only",6,0,0,"VECM_ranked_qrestricted",434.969464697941,58,57,18,6,0,6,30,1.12062428974156,1.12062428974156,"ok","complexity_component_only_requires_robust_fit_term",FALSE,FALSE,-809.938929395882,-748.647391360845,-786.118949122683,-738.40046785742,0.0908466341758229,2,0,2,0,NA,NA,"shaikh_window",1947,2011,140.434642376404,109.788873358886,121.698863495485
1772640365,"SR_none__LR_const","p06_Y_only_r2_none_const","computed","none","const",6,2,"Y_only",6,0,0,"VECM_ranked_qrestricted",437.980440033848,58,57,18,10,0,6,34,1.09633419580128,1.09633419580128,"ok","complexity_component_only_requires_robust_fit_term",FALSE,FALSE,-807.960880067695,-738.497136961321,-780.964902424737,-699.779061885877,-0.164876428476068,1,1,1,0,NA,NA,"shaikh_window",1947,2011,150.584896775929,111.766922687072,126.852910193431
1772640365,"SR_none__LR_const","p06_K_only_r0_none_const","computed","none","const",6,0,"K_only",0,6,0,"VAR_diff_r0",461.514467720102,58,57,18,0,0,6,24,1.10967399044454,1.10967399044454,"ok","complexity_component_only_requires_robust_fit_term",FALSE,FALSE,-875.028935440203,-825.995705012174,-855.972951221645,-837.528935440203,NA,NA,NA,3,NA,NA,NA,"shaikh_window",1947,2011,63.0863287250752,44.6988673145642,51.8448613965237
1772640365,"SR_none__LR_const","p06_K_only_r1_none_const","computed","none","const",6,1,"K_only",0,6,0,"VECM_ranked_qrestricted",429.549506702533,58,57,18,6,0,6,30,0.995542680806519,0.995542680806519,"ok","complexity_component_only_requires_robust_fit_term",FALSE,FALSE,-799.099013405067,-737.80747537003,-775.279033131868,-727.560551866605,0.187918806690303,2,0,2,0,NA,NA,"shaikh_window",1947,2011,151.274558367219,120.628789349701,132.5387794863
1772640365,"SR_none__LR_const","p06_K_only_r2_none_const","computed","none","const",6,2,"K_only",0,6,0,"VECM_ranked_qrestricted",432.190550202275,58,57,18,10,0,6,34,0.952993533772542,0.952993533772542,"ok","complexity_component_only_requires_robust_fit_term",FALSE,FALSE,-796.381100404549,-726.917357298175,-769.385122761591,-688.199282222731,0.0840984683289644,1,0,1,0,NA,NA,"shaikh_window",1947,2011,162.164676439075,123.346702350218,138.432689856577
1772640365,"SR_none__LR_const","p06_E_only_r0_none_const","computed","none","const",6,0,"E_only",0,0,6,"VAR_diff_r0",461.514467720102,58,57,18,0,0,6,24,1.10967399044454,1.10967399044454,"ok","complexity_component_only_requires_robust_fit_term",FALSE,FALSE,-875.028935440203,-825.995705012174,-855.972951221645,-837.528935440203,NA,NA,NA,3,NA,NA,NA,"shaikh_window",1947,2011,63.0863287250752,44.6988673145642,51.8448613965237
1772640365,"SR_none__LR_const","p06_E_only_r1_none_const","computed","none","const",6,1,"E_only",0,0,6,"VECM_ranked_qrestricted",426.072290059084,58,57,18,6,0,6,30,0.835776490113336,0.835776490113336,"ok","complexity_component_only_requires_robust_fit_term",FALSE,FALSE,-792.144580118168,-730.853042083132,-768.32459984497,-720.606118579707,0.159072065922381,2,0,2,0,NA,NA,"shaikh_window",1947,2011,158.228991654118,127.583222636599,139.493212773199
1772640365,"SR_none__LR_const","p06_E_only_r2_none_const","computed","none","const",6,2,"E_only",0,0,6,"VECM_ranked_qrestricted",439.040309643659,58,57,18,10,0,6,34,0.851194659880459,0.851194659880459,"ok","complexity_component_only_requires_robust_fit_term",FALSE,FALSE,-810.080619287317,-740.616876180942,-783.084641644359,-701.898801105499,0.03511310033281,1,0,1,0,NA,NA,"shaikh_window",1947,2011,148.465157556307,109.64718346745,124.733170973809
1772640365,"SR_none__LR_const","p06_Y_short_r0_none_const","computed","none","const",6,0,"Y_short",1,6,6,"VAR_diff_r0",461.514467720102,58,57,39,0,0,6,45,1.10967399044454,1.10967399044454,"ok","complexity_component_only_requires_robust_fit_term",FALSE,FALSE,-833.028935440203,-741.091628387649,-797.298965030406,-456.665299076567,NA,NA,NA,3,NA,NA,NA,"shaikh_window",1947,2011,147.990405349601,86.6988673145642,110.518847587763
1772640365,"SR_none__LR_const","p06_Y_short_r1_none_const","computed","none","const",6,1,"Y_short",1,6,6,"VECM_ranked_qrestricted",457.583070983702,58,57,39,6,0,6,51,1.25858778175455,1.25858778175455,"ok","complexity_component_only_requires_robust_fit_term",FALSE,FALSE,-813.166141967403,-708.970527307841,-772.672175502966,247.633858032597,0.139306250043162,2,0,2,0,NA,NA,"shaikh_window",1947,2011,180.111506429408,106.561660787364,135.145637115202
1772640365,"SR_none__LR_const","p06_Y_short_r2_none_const","computed","none","const",6,2,"Y_short",1,6,6,"VECM_ranked_qrestricted",470.83488207177,58,57,39,10,0,6,55,0.909397735264641,0.909397735264641,"ok","complexity_component_only_requires_robust_fit_term",FALSE,FALSE,-831.669764143541,-719.301944412641,-787.999800309344,5328.33023585646,0.0109495488336508,1,0,1,0,NA,NA,"shaikh_window",1947,2011,169.780089324609,88.0580386112266,119.818012308825
1772640365,"SR_none__LR_const","p06_K_short_r0_none_const","computed","none","const",6,0,"K_short",6,1,6,"VAR_diff_r0",461.514467720102,58,57,39,0,0,6,45,1.10967399044454,1.10967399044454,"ok","complexity_component_only_requires_robust_fit_term",FALSE,FALSE,-833.028935440203,-741.091628387649,-797.298965030406,-456.665299076567,NA,NA,NA,3,NA,NA,NA,"shaikh_window",1947,2011,147.990405349601,86.6988673145642,110.518847587763
1772640365,"SR_none__LR_const","p06_K_short_r1_none_const","computed","none","const",6,1,"K_short",6,1,6,"VECM_ranked_qrestricted",458.706040651196,58,57,39,6,0,6,51,1.17138908560489,1.17138908560489,"ok","complexity_component_only_requires_robust_fit_term",FALSE,FALSE,-815.412081302392,-711.21646664283,-774.918114837955,245.387918697608,0.0409926001410702,2,0,2,0,NA,NA,"shaikh_window",1947,2011,177.865567094419,104.315721452375,132.899697780213
1772640365,"SR_none__LR_const","p06_K_short_r2_none_const","computed","none","const",6,2,"K_short",6,1,6,"VECM_ranked_qrestricted",463.867080286164,58,57,39,10,0,6,55,1.05004177508358,1.05004177508358,"ok","complexity_component_only_requires_robust_fit_term",FALSE,FALSE,-817.734160572327,-705.366340841427,-774.06419673813,5342.26583942767,-0.0448050642874485,1,1,1,0,NA,NA,"shaikh_window",1947,2011,183.715692895822,101.99364218244,133.753615880038
1772640365,"SR_none__LR_const","p06_E_short_r0_none_const","computed","none","const",6,0,"E_short",6,6,1,"VAR_diff_r0",461.514467720102,58,57,39,0,0,6,45,1.10967399044454,1.10967399044454,"ok","complexity_component_only_requires_robust_fit_term",FALSE,FALSE,-833.028935440203,-741.091628387649,-797.298965030406,-456.665299076567,NA,NA,NA,3,NA,NA,NA,"shaikh_window",1947,2011,147.990405349601,86.6988673145642,110.518847587763
1772640365,"SR_none__LR_const","p06_E_short_r1_none_const","computed","none","const",6,1,"E_short",6,6,1,"VECM_ranked_qrestricted",459.73011899133,58,57,39,6,0,6,51,1.11043781529566,1.11043781529566,"ok","complexity_component_only_requires_robust_fit_term",FALSE,FALSE,-817.46023798266,-713.264623323098,-776.966271518222,243.33976201734,0.0373775103916616,2,0,2,0,NA,NA,"shaikh_window",1947,2011,175.817410414152,102.267564772108,130.851541099946
1772640365,"SR_none__LR_const","p06_E_short_r2_none_const","computed","none","const",6,2,"E_short",6,6,1,"VECM_ranked_qrestricted",467.004711325498,58,57,39,10,0,6,55,0.97799576771002,0.97799576771002,"ok","complexity_component_only_requires_robust_fit_term",FALSE,FALSE,-824.009422650996,-711.641602920096,-780.339458816799,5335.990577349,-0.0872264424156928,1,1,1,0,NA,NA,"shaikh_window",1947,2011,177.440430817153,95.7183801037712,127.478353801369
1772640365,"SR_none__LR_const","p07_sym_r0_none_const","computed","none","const",7,0,"sym",7,7,7,"VAR_diff_r0",464.993209089414,57,57,63,0,0,6,69,0.989207107831955,0.989207107831955,"ok","complexity_component_only_requires_robust_fit_term",FALSE,FALSE,-791.986418178828,-651.015880698244,-737.200463550471,NA,NA,NA,NA,3,NA,NA,NA,"shaikh_window",1947,2011,238.066153039005,127.74138457594,170.617349067697
1772640365,"SR_none__LR_const","p07_sym_r1_none_const","computed","none","const",7,1,"sym",7,7,7,"VECM_ranked_qrestricted",470.627753400727,57,57,63,6,0,6,75,1.05611760211874,1.05611760211874,"ok","complexity_component_only_requires_robust_fit_term",FALSE,FALSE,-791.255506801455,-638.026661713863,-731.705556118458,NA,-0.0726532488258558,2,2,2,0,NA,NA,"shaikh_window",1947,2011,251.055372023386,128.472295953313,176.11225649971
1772640365,"SR_none__LR_const","p07_sym_r2_none_const","computed","none","const",7,2,"sym",7,7,7,"VECM_ranked_qrestricted",489.145515435999,57,57,63,10,0,6,79,0.6777821517483,0.6777821517483,"ok","complexity_component_only_requires_robust_fit_term",FALSE,FALSE,-820.291030871998,-658.889980713068,-757.565082819242,NA,-0.176270673585213,1,1,1,0,NA,NA,"shaikh_window",1947,2011,230.192053024181,99.4367718827699,150.252729798927
1772640365,"SR_none__LR_const","p07_Y_only_r0_none_const","computed","none","const",7,0,"Y_only",7,0,0,"VAR_diff_r0",464.993209089414,57,57,21,0,0,6,27,0.989207107831955,0.989207107831955,"ok","complexity_component_only_requires_robust_fit_term",FALSE,FALSE,-875.986418178828,-820.824033947295,-854.548435932949,-823.848487144345,NA,NA,NA,3,NA,NA,NA,"shaikh_window",1947,2011,68.2579997899543,43.7413845759396,53.2693766852191
1772640365,"SR_none__LR_const","p07_Y_only_r1_none_const","computed","none","const",7,1,"Y_only",7,0,0,"VECM_ranked_qrestricted",431.645568428044,57,57,21,6,0,6,33,1.14332290718024,1.14332290718024,"ok","complexity_component_only_requires_robust_fit_term",FALSE,FALSE,-797.291136856088,-729.870445017548,-771.089158555569,-699.725919464783,-0.479050656982833,2,1,2,0,NA,NA,"shaikh_window",1947,2011,159.211588719702,122.43666589868,136.728654062599
1772640365,"SR_none__LR_const","p07_Y_only_r2_none_const","computed","none","const",7,2,"Y_only",7,0,0,"VECM_ranked_qrestricted",433.021447317615,57,57,21,10,0,6,37,1.14476690413537,1.14476690413537,"ok","complexity_component_only_requires_robust_fit_term",FALSE,FALSE,-792.04289463523,-716.449997725352,-762.664918964952,-644.04289463523,-0.556134814655066,1,1,1,0,NA,NA,"shaikh_window",1947,2011,172.632036011897,127.684908119537,145.152893653216
1772640365,"SR_none__LR_const","p07_K_only_r0_none_const","computed","none","const",7,0,"K_only",0,7,0,"VAR_diff_r0",464.993209089414,57,57,21,0,0,6,27,0.989207107831955,0.989207107831955,"ok","complexity_component_only_requires_robust_fit_term",FALSE,FALSE,-875.986418178828,-820.824033947295,-854.548435932949,-823.848487144345,NA,NA,NA,3,NA,NA,NA,"shaikh_window",1947,2011,68.2579997899543,43.7413845759396,53.2693766852191
1772640365,"SR_none__LR_const","p07_K_only_r1_none_const","computed","none","const",7,1,"K_only",0,7,0,"VECM_ranked_qrestricted",426.911207505882,57,57,21,6,0,6,33,0.90365524165378,0.90365524165378,"ok","complexity_component_only_requires_robust_fit_term",FALSE,FALSE,-787.822415011763,-720.401723173223,-761.620436711245,-690.257197620459,-0.00969977423854629,2,2,2,0,NA,NA,"shaikh_window",1947,2011,168.680310564026,131.905387743004,146.197375906923
1772640365,"SR_none__LR_const","p07_K_only_r2_none_const","computed","none","const",7,2,"K_only",0,7,0,"VECM_ranked_qrestricted",427.416724864961,57,57,21,10,0,6,37,0.903165087523366,0.903165087523366,"ok","complexity_component_only_requires_robust_fit_term",FALSE,FALSE,-780.833449729921,-705.240552820043,-751.455474059643,-632.833449729921,-0.00886952148546372,1,2,1,0,NA,NA,"shaikh_window",1947,2011,183.841480917206,138.894353024846,156.362338558525
1772640365,"SR_none__LR_const","p07_E_only_r0_none_const","computed","none","const",7,0,"E_only",0,0,7,"VAR_diff_r0",464.993209089414,57,57,21,0,0,6,27,0.989207107831955,0.989207107831955,"ok","complexity_component_only_requires_robust_fit_term",FALSE,FALSE,-875.986418178828,-820.824033947295,-854.548435932949,-823.848487144345,NA,NA,NA,3,NA,NA,NA,"shaikh_window",1947,2011,68.2579997899543,43.7413845759396,53.2693766852191
1772640365,"SR_none__LR_const","p07_E_only_r1_none_const","computed","none","const",7,1,"E_only",0,0,7,"VECM_ranked_qrestricted",426.881541157191,57,57,21,6,0,6,33,0.748288035747226,0.748288035747226,"ok","complexity_component_only_requires_robust_fit_term",FALSE,FALSE,-787.763082314382,-720.342390475842,-761.561104013864,-690.197864923078,-0.186100535891185,2,1,2,0,NA,NA,"shaikh_window",1947,2011,168.739643261407,131.964720440385,146.256708604304
1772640365,"SR_none__LR_const","p07_E_only_r2_none_const","computed","none","const",7,2,"E_only",0,0,7,"VECM_ranked_qrestricted",431.925312991766,57,57,21,10,0,6,37,0.852970099784677,0.852970099784677,"ok","complexity_component_only_requires_robust_fit_term",FALSE,FALSE,-789.850625983533,-714.257729073654,-760.472650313255,-641.850625983533,-0.14033591680759,2,1,1,1,NA,NA,"shaikh_window",1947,2011,174.824304663595,129.877176771235,147.345162304914
1772640365,"SR_none__LR_const","p07_Y_short_r0_none_const","computed","none","const",7,0,"Y_short",1,7,7,"VAR_diff_r0",464.993209089414,57,57,45,0,0,6,51,0.989207107831955,0.989207107831955,"ok","complexity_component_only_requires_robust_fit_term",FALSE,FALSE,-827.986418178828,-723.790803519266,-787.492451714391,232.813581821172,NA,NA,NA,3,NA,NA,NA,"shaikh_window",1947,2011,165.291230217983,91.7413845759396,120.325360903778
1772640365,"SR_none__LR_const","p07_Y_short_r1_none_const","computed","none","const",7,1,"Y_short",1,7,7,"VECM_ranked_qrestricted",459.366289427874,57,57,45,6,0,6,57,0.976193024490524,0.976193024490524,"ok","complexity_component_only_requires_robust_fit_term",FALSE,FALSE,-804.732578855748,-688.278656589179,-759.474616336671,NA,-0.0458537966455359,2,2,2,0,NA,NA,"shaikh_window",1947,2011,200.80337714807,114.995223899019,148.343196281497
1772640365,"SR_none__LR_const","p07_Y_short_r2_none_const","computed","none","const",7,2,"Y_short",1,7,7,"VECM_ranked_qrestricted",476.859118188227,57,57,45,10,0,6,61,0.72454099157893,0.72454099157893,"ok","complexity_component_only_requires_robust_fit_term",FALSE,FALSE,-831.718236376453,-707.092109038545,-783.284276487616,NA,-0.137448162550863,1,1,1,0,NA,NA,"shaikh_window",1947,2011,181.989924698704,88.0095663783144,124.533536130552
1772640365,"SR_none__LR_const","p07_K_short_r0_none_const","computed","none","const",7,0,"K_short",7,1,7,"VAR_diff_r0",464.993209089414,57,57,45,0,0,6,51,0.989207107831955,0.989207107831955,"ok","complexity_component_only_requires_robust_fit_term",FALSE,FALSE,-827.986418178828,-723.790803519266,-787.492451714391,232.813581821172,NA,NA,NA,3,NA,NA,NA,"shaikh_window",1947,2011,165.291230217983,91.7413845759396,120.325360903778
1772640365,"SR_none__LR_const","p07_K_short_r1_none_const","computed","none","const",7,1,"K_short",7,1,7,"VECM_ranked_qrestricted",458.544171661251,57,57,45,6,0,6,57,1.19025791022441,1.19025791022441,"ok","complexity_component_only_requires_robust_fit_term",FALSE,FALSE,-803.088343322502,-686.634421055933,-757.830380803425,NA,-0.0684834939272201,2,2,2,0,NA,NA,"shaikh_window",1947,2011,202.447612681317,116.639459432265,149.987431814743
1772640365,"SR_none__LR_const","p07_K_short_r2_none_const","computed","none","const",7,2,"K_short",7,1,7,"VECM_ranked_qrestricted",459.781273594727,57,57,45,10,0,6,61,1.16087496977219,1.16087496977219,"ok","complexity_component_only_requires_robust_fit_term",FALSE,FALSE,-797.562547189454,-672.936419851547,-749.128587300617,NA,-0.351409687157393,1,1,1,0,NA,NA,"shaikh_window",1947,2011,216.145613885703,122.165255565313,158.689225317551
1772640365,"SR_none__LR_const","p07_E_short_r0_none_const","computed","none","const",7,0,"E_short",7,7,1,"VAR_diff_r0",464.993209089414,57,57,45,0,0,6,51,0.989207107831955,0.989207107831955,"ok","complexity_component_only_requires_robust_fit_term",FALSE,FALSE,-827.986418178828,-723.790803519266,-787.492451714391,232.813581821172,NA,NA,NA,3,NA,NA,NA,"shaikh_window",1947,2011,165.291230217983,91.7413845759396,120.325360903778
1772640365,"SR_none__LR_const","p07_E_short_r1_none_const","computed","none","const",7,1,"E_short",7,7,1,"VECM_ranked_qrestricted",466.248858816173,57,57,45,6,0,6,57,1.03919460863811,1.03919460863811,"ok","complexity_component_only_requires_robust_fit_term",FALSE,FALSE,-818.497717632346,-702.043795365777,-773.239755113269,NA,-0.115015780875644,2,1,2,0,NA,NA,"shaikh_window",1947,2011,187.038238371472,101.230085122421,134.578057504899
1772640365,"SR_none__LR_const","p07_E_short_r2_none_const","computed","none","const",7,2,"E_short",7,7,1,"VECM_ranked_qrestricted",469.95942410235,57,57,45,10,0,6,61,0.946026292819258,0.946026292819258,"ok","complexity_component_only_requires_robust_fit_term",FALSE,FALSE,-817.9188482047,-693.292720866793,-769.484888315863,NA,-0.47117238371381,1,1,1,0,NA,NA,"shaikh_window",1947,2011,195.789312870457,101.808954550067,138.332924302305
