"run_id","det_tag","cell_id","status","include","LRinclude","p","r","q_tag","qY","qK","qE","model_class","logLik","T_eff","T_eff_common","k_gamma","k_pi","k_det","k_sigma","k_total","ICOMP_pen","RICOMP_pen","ICOMP_flag","RICOMP_flag","ICOMP_stabilized","RICOMP_stabilized","AIC","BIC","HQ","AICc","stability_margin","unit_root_count","unstable_count","expected_unit_roots","unit_root_mismatch","fail_code","fail_msg","window_tag","window_start","window_end"
1772630502,"SR_none__LR_trend","p01_sym_r0_none_trend","computed","none","trend",1,0,"sym",1,1,1,"VAR_diff_r0",453.025192939489,63,57,9,0,0,6,15,1.58625325469279,1.58625325469279,"ok","complexity_component_only_requires_robust_fit_term",FALSE,FALSE,-876.050385878978,-845.40461686146,-864.140395742379,-864.343068805807,NA,NA,NA,3,NA,NA,NA,"shaikh_window",1947,2011
1772630502,"SR_none__LR_trend","p01_sym_r1_none_trend","computed","none","trend",1,1,"sym",1,1,1,"VECM_ranked_qrestricted",473.471137915521,63,57,9,6,0,6,21,0.975592657629619,0.975592657629619,"ok","complexity_component_only_requires_robust_fit_term",FALSE,FALSE,-904.942275831041,-862.038199206516,-888.268289639802,-878.542275831041,0.0190589322341063,2,0,2,0,NA,NA,"shaikh_window",1947,2011
1772630502,"SR_none__LR_trend","p01_sym_r2_none_trend","computed","none","trend",1,2,"sym",1,1,1,"VECM_ranked_qrestricted",475.81929485924,63,57,9,10,0,6,25,1.0245777445512,1.0245777445512,"ok","complexity_component_only_requires_robust_fit_term",FALSE,FALSE,-901.638589718481,-850.562308022617,-881.788606157482,-859.703105847513,0.0192234317507141,1,0,1,0,NA,NA,"shaikh_window",1947,2011
1772630502,"SR_none__LR_trend","p01_Y_only_r0_none_trend","computed","none","trend",1,0,"Y_only",1,0,0,"VAR_diff_r0",453.025192939489,63,57,3,0,0,6,9,1.58625325469279,1.58625325469279,"ok","complexity_component_only_requires_robust_fit_term",FALSE,FALSE,-888.050385878978,-869.662924468467,-880.904391797019,-884.220598644936,NA,NA,NA,3,NA,NA,NA,"shaikh_window",1947,2011
1772630502,"SR_none__LR_trend","p01_Y_only_r1_none_trend","computed","none","trend",1,1,"Y_only",1,0,0,"VECM_ranked_qrestricted",458.272597752745,63,57,3,6,0,6,15,1.04405753420774,1.04405753420774,"ok","complexity_component_only_requires_robust_fit_term",FALSE,FALSE,-886.545195505491,-855.899426487972,-874.635205368891,-874.83787843232,-0.0442210302818558,2,1,2,0,NA,NA,"shaikh_window",1947,2011
1772630502,"SR_none__LR_trend","p01_Y_only_r2_none_trend","computed","none","trend",1,2,"Y_only",1,0,0,"VECM_ranked_qrestricted",459.84450812966,63,57,3,10,0,6,19,1.00607323605496,1.00607323605496,"ok","complexity_component_only_requires_robust_fit_term",FALSE,FALSE,-881.68901625932,-842.871042170463,-866.603028752961,-861.148475718779,-0.0310799753454882,1,1,1,0,NA,NA,"shaikh_window",1947,2011
1772630502,"SR_none__LR_trend","p01_K_only_r0_none_trend","computed","none","trend",1,0,"K_only",0,1,0,"VAR_diff_r0",453.025192939489,63,57,3,0,0,6,9,1.58625325469279,1.58625325469279,"ok","complexity_component_only_requires_robust_fit_term",FALSE,FALSE,-888.050385878978,-869.662924468467,-880.904391797019,-884.220598644936,NA,NA,NA,3,NA,NA,NA,"shaikh_window",1947,2011
1772630502,"SR_none__LR_trend","p01_K_only_r1_none_trend","computed","none","trend",1,1,"K_only",0,1,0,"VECM_ranked_qrestricted",453.989804307785,63,57,3,6,0,6,15,0.890392649568604,0.890392649568604,"ok","complexity_component_only_requires_robust_fit_term",FALSE,FALSE,-877.97960861557,-847.333839598052,-866.069618478971,-866.272291542399,0.0265625968681398,2,0,2,0,NA,NA,"shaikh_window",1947,2011
1772630502,"SR_none__LR_trend","p01_K_only_r2_none_trend","computed","none","trend",1,2,"K_only",0,1,0,"VECM_ranked_qrestricted",457.113004396991,63,57,3,10,0,6,19,0.899962817743667,0.899962817743667,"ok","complexity_component_only_requires_robust_fit_term",FALSE,FALSE,-876.226008793982,-837.408034705126,-861.140021287623,-855.685468253442,0.011151646932517,1,0,1,0,NA,NA,"shaikh_window",1947,2011
1772630502,"SR_none__LR_trend","p01_E_only_r0_none_trend","computed","none","trend",1,0,"E_only",0,0,1,"VAR_diff_r0",453.025192939489,63,57,3,0,0,6,9,1.58625325469279,1.58625325469279,"ok","complexity_component_only_requires_robust_fit_term",FALSE,FALSE,-888.050385878978,-869.662924468467,-880.904391797019,-884.220598644936,NA,NA,NA,3,NA,NA,NA,"shaikh_window",1947,2011
1772630502,"SR_none__LR_trend","p01_E_only_r1_none_trend","computed","none","trend",1,1,"E_only",0,0,1,"VECM_ranked_qrestricted",452.194191022435,63,57,3,6,0,6,15,0.812505551758679,0.812505551758679,"ok","complexity_component_only_requires_robust_fit_term",FALSE,FALSE,-874.388382044869,-843.742613027351,-862.47839190827,-862.681064971699,-0.0445686046952165,2,1,2,0,NA,NA,"shaikh_window",1947,2011
1772630502,"SR_none__LR_trend","p01_E_only_r2_none_trend","computed","none","trend",1,2,"E_only",0,0,1,"VECM_ranked_qrestricted",453.679788956616,63,57,3,10,0,6,19,0.837444396913707,0.837444396913707,"ok","complexity_component_only_requires_robust_fit_term",FALSE,FALSE,-869.359577913232,-830.541603824376,-854.273590406873,-848.819037372692,-0.0597851125701243,1,1,1,0,NA,NA,"shaikh_window",1947,2011
1772630502,"SR_none__LR_trend","p01_Y_short_r0_none_trend","computed","none","trend",1,0,"Y_short",1,1,1,"VAR_diff_r0",453.025192939489,63,57,9,0,0,6,15,1.58625325469279,1.58625325469279,"ok","complexity_component_only_requires_robust_fit_term",FALSE,FALSE,-876.050385878978,-845.40461686146,-864.140395742379,-864.343068805807,NA,NA,NA,3,NA,NA,NA,"shaikh_window",1947,2011
1772630502,"SR_none__LR_trend","p01_Y_short_r1_none_trend","computed","none","trend",1,1,"Y_short",1,1,1,"VECM_ranked_qrestricted",473.471137915521,63,57,9,6,0,6,21,0.975592657629619,0.975592657629619,"ok","complexity_component_only_requires_robust_fit_term",FALSE,FALSE,-904.942275831041,-862.038199206516,-888.268289639802,-878.542275831041,0.0190589322341063,2,0,2,0,NA,NA,"shaikh_window",1947,2011
1772630502,"SR_none__LR_trend","p01_Y_short_r2_none_trend","computed","none","trend",1,2,"Y_short",1,1,1,"VECM_ranked_qrestricted",475.81929485924,63,57,9,10,0,6,25,1.0245777445512,1.0245777445512,"ok","complexity_component_only_requires_robust_fit_term",FALSE,FALSE,-901.638589718481,-850.562308022617,-881.788606157482,-859.703105847513,0.0192234317507141,1,0,1,0,NA,NA,"shaikh_window",1947,2011
1772630502,"SR_none__LR_trend","p01_K_short_r0_none_trend","computed","none","trend",1,0,"K_short",1,1,1,"VAR_diff_r0",453.025192939489,63,57,9,0,0,6,15,1.58625325469279,1.58625325469279,"ok","complexity_component_only_requires_robust_fit_term",FALSE,FALSE,-876.050385878978,-845.40461686146,-864.140395742379,-864.343068805807,NA,NA,NA,3,NA,NA,NA,"shaikh_window",1947,2011
1772630502,"SR_none__LR_trend","p01_K_short_r1_none_trend","computed","none","trend",1,1,"K_short",1,1,1,"VECM_ranked_qrestricted",473.471137915521,63,57,9,6,0,6,21,0.975592657629619,0.975592657629619,"ok","complexity_component_only_requires_robust_fit_term",FALSE,FALSE,-904.942275831041,-862.038199206516,-888.268289639802,-878.542275831041,0.0190589322341063,2,0,2,0,NA,NA,"shaikh_window",1947,2011
1772630502,"SR_none__LR_trend","p01_K_short_r2_none_trend","computed","none","trend",1,2,"K_short",1,1,1,"VECM_ranked_qrestricted",475.81929485924,63,57,9,10,0,6,25,1.0245777445512,1.0245777445512,"ok","complexity_component_only_requires_robust_fit_term",FALSE,FALSE,-901.638589718481,-850.562308022617,-881.788606157482,-859.703105847513,0.0192234317507141,1,0,1,0,NA,NA,"shaikh_window",1947,2011
1772630502,"SR_none__LR_trend","p01_E_short_r0_none_trend","computed","none","trend",1,0,"E_short",1,1,1,"VAR_diff_r0",453.025192939489,63,57,9,0,0,6,15,1.58625325469279,1.58625325469279,"ok","complexity_component_only_requires_robust_fit_term",FALSE,FALSE,-876.050385878978,-845.40461686146,-864.140395742379,-864.343068805807,NA,NA,NA,3,NA,NA,NA,"shaikh_window",1947,2011
1772630502,"SR_none__LR_trend","p01_E_short_r1_none_trend","computed","none","trend",1,1,"E_short",1,1,1,"VECM_ranked_qrestricted",473.471137915521,63,57,9,6,0,6,21,0.975592657629619,0.975592657629619,"ok","complexity_component_only_requires_robust_fit_term",FALSE,FALSE,-904.942275831041,-862.038199206516,-888.268289639802,-878.542275831041,0.0190589322341063,2,0,2,0,NA,NA,"shaikh_window",1947,2011
1772630502,"SR_none__LR_trend","p01_E_short_r2_none_trend","computed","none","trend",1,2,"E_short",1,1,1,"VECM_ranked_qrestricted",475.81929485924,63,57,9,10,0,6,25,1.0245777445512,1.0245777445512,"ok","complexity_component_only_requires_robust_fit_term",FALSE,FALSE,-901.638589718481,-850.562308022617,-881.788606157482,-859.703105847513,0.0192234317507141,1,0,1,0,NA,NA,"shaikh_window",1947,2011
1772630502,"SR_none__LR_trend","p02_sym_r0_none_trend","computed","none","trend",2,0,"sym",2,2,2,"VAR_diff_r0",461.611166570428,62,57,18,0,0,6,24,1.41602656785874,1.41602656785874,"ok","complexity_component_only_requires_robust_fit_term",FALSE,FALSE,-875.222333140857,-826.189102712827,-856.166348922298,-837.722333140857,NA,NA,NA,3,NA,NA,NA,"shaikh_window",1947,2011
1772630502,"SR_none__LR_trend","p02_sym_r1_none_trend","computed","none","trend",2,1,"sym",2,2,2,"VECM_ranked_qrestricted",474.744846635194,62,57,18,6,0,6,30,1.04645198020962,1.04645198020962,"ok","complexity_component_only_requires_robust_fit_term",FALSE,FALSE,-889.489693270388,-828.198155235351,-865.669712997189,-817.951231731926,-0.0180838880577185,2,1,2,0,NA,NA,"shaikh_window",1947,2011
1772630502,"SR_none__LR_trend","p02_sym_r2_none_trend","computed","none","trend",2,2,"sym",2,2,2,"VECM_ranked_qrestricted",479.975866625782,62,57,18,10,0,6,34,0.946151904345101,0.946151904345101,"ok","complexity_component_only_requires_robust_fit_term",FALSE,FALSE,-891.951733251565,-822.48799014519,-864.955755608607,-783.769915069747,0.160088307472837,2,0,1,1,NA,NA,"shaikh_window",1947,2011
1772630502,"SR_none__LR_trend","p02_Y_only_r0_none_trend","computed","none","trend",2,0,"Y_only",2,0,0,"VAR_diff_r0",461.611166570428,62,57,6,0,0,6,12,1.41602656785874,1.41602656785874,"ok","complexity_component_only_requires_robust_fit_term",FALSE,FALSE,-899.222333140857,-874.705717926842,-889.694341031577,-892.131424049947,NA,NA,NA,3,NA,NA,NA,"shaikh_window",1947,2011
1772630502,"SR_none__LR_trend","p02_Y_only_r1_none_trend","computed","none","trend",2,1,"Y_only",2,0,0,"VECM_ranked_qrestricted",455.762617242614,62,57,6,6,0,6,18,1.1403737191598,1.1403737191598,"ok","complexity_component_only_requires_robust_fit_term",FALSE,FALSE,-875.525234485228,-838.750311664206,-861.233246321309,-857.525234485228,-0.0649835510364036,2,1,2,0,NA,NA,"shaikh_window",1947,2011
1772630502,"SR_none__LR_trend","p02_Y_only_r2_none_trend","computed","none","trend",2,2,"Y_only",2,0,0,"VECM_ranked_qrestricted",456.230789220511,62,57,6,10,0,6,22,1.14630632756447,1.14630632756447,"ok","complexity_component_only_requires_robust_fit_term",FALSE,FALSE,-868.461578441022,-823.514450548661,-850.993592907343,-838.696872558669,-0.0161937929740199,1,1,1,0,NA,NA,"shaikh_window",1947,2011
1772630502,"SR_none__LR_trend","p02_K_only_r0_none_trend","computed","none","trend",2,0,"K_only",0,2,0,"VAR_diff_r0",461.611166570428,62,57,6,0,0,6,12,1.41602656785874,1.41602656785874,"ok","complexity_component_only_requires_robust_fit_term",FALSE,FALSE,-899.222333140857,-874.705717926842,-889.694341031577,-892.131424049947,NA,NA,NA,3,NA,NA,NA,"shaikh_window",1947,2011
1772630502,"SR_none__LR_trend","p02_K_only_r1_none_trend","computed","none","trend",2,1,"K_only",0,2,0,"VECM_ranked_qrestricted",445.833072686431,62,57,6,6,0,6,18,0.922815293100861,0.922815293100861,"ok","complexity_component_only_requires_robust_fit_term",FALSE,FALSE,-855.666145372862,-818.89122255184,-841.374157208943,-837.666145372862,0.0267329091785482,2,0,2,0,NA,NA,"shaikh_window",1947,2011
1772630502,"SR_none__LR_trend","p02_K_only_r2_none_trend","computed","none","trend",2,2,"K_only",0,2,0,"VECM_ranked_qrestricted",447.059758625935,62,57,6,10,0,6,22,0.936297678215507,0.936297678215507,"ok","complexity_component_only_requires_robust_fit_term",FALSE,FALSE,-850.119517251871,-805.172389359511,-832.651531718192,-820.354811369518,-0.0243640637681093,1,1,1,0,NA,NA,"shaikh_window",1947,2011
1772630502,"SR_none__LR_trend","p02_E_only_r0_none_trend","computed","none","trend",2,0,"E_only",0,0,2,"VAR_diff_r0",461.611166570428,62,57,6,0,0,6,12,1.41602656785874,1.41602656785874,"ok","complexity_component_only_requires_robust_fit_term",FALSE,FALSE,-899.222333140857,-874.705717926842,-889.694341031577,-892.131424049947,NA,NA,NA,3,NA,NA,NA,"shaikh_window",1947,2011
1772630502,"SR_none__LR_trend","p02_E_only_r1_none_trend","computed","none","trend",2,1,"E_only",0,0,2,"VECM_ranked_qrestricted",447.867566667768,62,57,6,6,0,6,18,0.785248768423816,0.785248768423816,"ok","complexity_component_only_requires_robust_fit_term",FALSE,FALSE,-859.735133335537,-822.960210514515,-845.443145171618,-841.735133335537,-0.043450244264482,2,1,2,0,NA,NA,"shaikh_window",1947,2011
1772630502,"SR_none__LR_trend","p02_E_only_r2_none_trend","computed","none","trend",2,2,"E_only",0,0,2,"VECM_ranked_qrestricted",452.90658172087,62,57,6,10,0,6,22,0.80246543004683,0.80246543004683,"ok","complexity_component_only_requires_robust_fit_term",FALSE,FALSE,-861.813163441739,-816.866035549379,-844.345177908061,-832.048457559387,-0.0565106693578077,1,1,1,0,NA,NA,"shaikh_window",1947,2011
1772630502,"SR_none__LR_trend","p02_Y_short_r0_none_trend","computed","none","trend",2,0,"Y_short",1,2,2,"VAR_diff_r0",461.611166570428,62,57,15,0,0,6,21,1.41602656785874,1.41602656785874,"ok","complexity_component_only_requires_robust_fit_term",FALSE,FALSE,-881.222333140857,-838.318256516331,-864.548346949618,-854.822333140857,NA,NA,NA,3,NA,NA,NA,"shaikh_window",1947,2011
1772630502,"SR_none__LR_trend","p02_Y_short_r1_none_trend","computed","none","trend",2,1,"Y_short",1,2,2,"VECM_ranked_qrestricted",473.457577548342,62,57,15,6,0,6,27,1.05126298869625,1.05126298869625,"ok","complexity_component_only_requires_robust_fit_term",FALSE,FALSE,-892.915155096684,-837.752770865151,-871.477172850805,-840.777224062201,-0.0287565645477823,2,1,2,0,NA,NA,"shaikh_window",1947,2011
1772630502,"SR_none__LR_trend","p02_Y_short_r2_none_trend","computed","none","trend",2,2,"Y_short",1,2,2,"VECM_ranked_qrestricted",479.649946684056,62,57,15,10,0,6,31,0.940588563523583,0.940588563523583,"ok","complexity_component_only_requires_robust_fit_term",FALSE,FALSE,-897.299893368112,-833.965304065241,-872.685913752474,-817.939893368112,0.172206802461455,2,0,1,1,NA,NA,"shaikh_window",1947,2011
1772630502,"SR_none__LR_trend","p02_K_short_r0_none_trend","computed","none","trend",2,0,"K_short",2,1,2,"VAR_diff_r0",461.611166570428,62,57,15,0,0,6,21,1.41602656785874,1.41602656785874,"ok","complexity_component_only_requires_robust_fit_term",FALSE,FALSE,-881.222333140857,-838.318256516331,-864.548346949618,-854.822333140857,NA,NA,NA,3,NA,NA,NA,"shaikh_window",1947,2011
1772630502,"SR_none__LR_trend","p02_K_short_r1_none_trend","computed","none","trend",2,1,"K_short",2,1,2,"VECM_ranked_qrestricted",470.487401899195,62,57,15,6,0,6,27,0.99932973329495,0.99932973329495,"ok","complexity_component_only_requires_robust_fit_term",FALSE,FALSE,-886.97480379839,-831.812419566857,-865.536821552511,-834.836872763907,-0.0139476985953968,2,1,2,0,NA,NA,"shaikh_window",1947,2011
1772630502,"SR_none__LR_trend","p02_K_short_r2_none_trend","computed","none","trend",2,2,"K_short",2,1,2,"VECM_ranked_qrestricted",475.767391276777,62,57,15,10,0,6,31,0.897461461847936,0.897461461847936,"ok","complexity_component_only_requires_robust_fit_term",FALSE,FALSE,-889.534782553555,-826.200193250684,-864.920802937916,-810.174782553555,-0.00920477537332109,1,1,1,0,NA,NA,"shaikh_window",1947,2011
1772630502,"SR_none__LR_trend","p02_E_short_r0_none_trend","computed","none","trend",2,0,"E_short",2,2,1,"VAR_diff_r0",461.611166570428,62,57,15,0,0,6,21,1.41602656785874,1.41602656785874,"ok","complexity_component_only_requires_robust_fit_term",FALSE,FALSE,-881.222333140857,-838.318256516331,-864.548346949618,-854.822333140857,NA,NA,NA,3,NA,NA,NA,"shaikh_window",1947,2011
1772630502,"SR_none__LR_trend","p02_E_short_r1_none_trend","computed","none","trend",2,1,"E_short",2,2,1,"VECM_ranked_qrestricted",473.917683006176,62,57,15,6,0,6,27,1.04389210832716,1.04389210832716,"ok","complexity_component_only_requires_robust_fit_term",FALSE,FALSE,-893.835366012352,-838.672981780819,-872.397383766474,-841.697434977869,-0.0193272999021015,2,1,2,0,NA,NA,"shaikh_window",1947,2011
1772630502,"SR_none__LR_trend","p02_E_short_r2_none_trend","computed","none","trend",2,2,"E_short",2,2,1,"VECM_ranked_qrestricted",477.151443567832,62,57,15,10,0,6,31,0.976307190240092,0.976307190240092,"ok","complexity_component_only_requires_robust_fit_term",FALSE,FALSE,-892.302887135665,-828.968297832794,-867.688907520026,-812.942887135665,0.0113122768257572,1,0,1,0,NA,NA,"shaikh_window",1947,2011
1772630502,"SR_none__LR_trend","p03_sym_r0_none_trend","computed","none","trend",3,0,"sym",3,3,3,"VAR_diff_r0",474.863901377384,61,57,27,0,0,6,33,1.17079350195798,1.17079350195798,"ok","complexity_component_only_requires_robust_fit_term",FALSE,FALSE,-883.727802754767,-816.307110916227,-857.525824454249,-786.162585363463,NA,NA,NA,3,NA,NA,NA,"shaikh_window",1947,2011
1772630502,"SR_none__LR_trend","p03_sym_r1_none_trend","computed","none","trend",3,1,"sym",3,3,3,"VECM_ranked_qrestricted",482.447527465517,61,57,27,6,0,6,39,1.16341103903177,1.16341103903177,"ok","complexity_component_only_requires_robust_fit_term",FALSE,FALSE,-886.895054931034,-807.216055485486,-855.929080575876,-703.365643166328,-0.0494890953794538,2,1,2,0,NA,NA,"shaikh_window",1947,2011
1772630502,"SR_none__LR_trend","p03_sym_r2_none_trend","computed","none","trend",3,2,"sym",3,3,3,"VECM_ranked_qrestricted",488.326219338955,61,57,27,10,0,6,43,1.00562809501544,1.00562809501544,"ok","complexity_component_only_requires_robust_fit_term",FALSE,FALSE,-890.652438677911,-802.801234161025,-856.510466952993,-599.575515600988,-0.0117642355174392,1,1,1,0,NA,NA,"shaikh_window",1947,2011
1772630502,"SR_none__LR_trend","p03_Y_only_r0_none_trend","computed","none","trend",3,0,"Y_only",3,0,0,"VAR_diff_r0",474.863901377384,61,57,9,0,0,6,15,1.17079350195798,1.17079350195798,"ok","complexity_component_only_requires_robust_fit_term",FALSE,FALSE,-919.727802754767,-889.082033737249,-907.817812618168,-908.020485681597,NA,NA,NA,3,NA,NA,NA,"shaikh_window",1947,2011
1772630502,"SR_none__LR_trend","p03_Y_only_r1_none_trend","computed","none","trend",3,1,"Y_only",3,0,0,"VECM_ranked_qrestricted",457.15042496842,61,57,9,6,0,6,21,1.06675493680931,1.06675493680931,"ok","complexity_component_only_requires_robust_fit_term",FALSE,FALSE,-872.30084993684,-829.396773312315,-855.626863745601,-845.90084993684,-0.0543730024771163,2,1,2,0,NA,NA,"shaikh_window",1947,2011
1772630502,"SR_none__LR_trend","p03_Y_only_r2_none_trend","computed","none","trend",3,2,"Y_only",3,0,0,"VECM_ranked_qrestricted",458.90313454482,61,57,9,10,0,6,25,1.0473280006091,1.0473280006091,"ok","complexity_component_only_requires_robust_fit_term",FALSE,FALSE,-867.806269089639,-816.729987393776,-847.956285528641,-825.870785218672,-0.0297216609839084,1,1,1,0,NA,NA,"shaikh_window",1947,2011
1772630502,"SR_none__LR_trend","p03_K_only_r0_none_trend","computed","none","trend",3,0,"K_only",0,3,0,"VAR_diff_r0",474.863901377384,61,57,9,0,0,6,15,1.17079350195798,1.17079350195798,"ok","complexity_component_only_requires_robust_fit_term",FALSE,FALSE,-919.727802754767,-889.082033737249,-907.817812618168,-908.020485681597,NA,NA,NA,3,NA,NA,NA,"shaikh_window",1947,2011
1772630502,"SR_none__LR_trend","p03_K_only_r1_none_trend","computed","none","trend",3,1,"K_only",0,3,0,"VECM_ranked_qrestricted",445.137271540714,61,57,9,6,0,6,21,0.877316939834056,0.877316939834056,"ok","complexity_component_only_requires_robust_fit_term",FALSE,FALSE,-848.274543081428,-805.370466456902,-831.600556890189,-821.874543081428,0.0151238325808049,2,0,2,0,NA,NA,"shaikh_window",1947,2011
1772630502,"SR_none__LR_trend","p03_K_only_r2_none_trend","computed","none","trend",3,2,"K_only",0,3,0,"VECM_ranked_qrestricted",448.450710319899,61,57,9,10,0,6,25,0.877368982135597,0.877368982135597,"ok","complexity_component_only_requires_robust_fit_term",FALSE,FALSE,-846.901420639799,-795.825138943935,-827.0514370788,-804.965936768831,0.0140776993248747,1,0,1,0,NA,NA,"shaikh_window",1947,2011
1772630502,"SR_none__LR_trend","p03_E_only_r0_none_trend","computed","none","trend",3,0,"E_only",0,0,3,"VAR_diff_r0",474.863901377384,61,57,9,0,0,6,15,1.17079350195798,1.17079350195798,"ok","complexity_component_only_requires_robust_fit_term",FALSE,FALSE,-919.727802754767,-889.082033737249,-907.817812618168,-908.020485681597,NA,NA,NA,3,NA,NA,NA,"shaikh_window",1947,2011
1772630502,"SR_none__LR_trend","p03_E_only_r1_none_trend","computed","none","trend",3,1,"E_only",0,0,3,"VECM_ranked_qrestricted",447.398991806735,61,57,9,6,0,6,21,0.742795295438405,0.742795295438405,"ok","complexity_component_only_requires_robust_fit_term",FALSE,FALSE,-852.79798361347,-809.893906988945,-836.123997422231,-826.39798361347,-0.0323707012634673,2,1,2,0,NA,NA,"shaikh_window",1947,2011
1772630502,"SR_none__LR_trend","p03_E_only_r2_none_trend","computed","none","trend",3,2,"E_only",0,0,3,"VECM_ranked_qrestricted",458.212518864202,61,57,9,10,0,6,25,0.771663095184731,0.771663095184731,"ok","complexity_component_only_requires_robust_fit_term",FALSE,FALSE,-866.425037728404,-815.34875603254,-846.575054167405,-824.489553857436,-0.00267541189503895,1,1,1,0,NA,NA,"shaikh_window",1947,2011
1772630502,"SR_none__LR_trend","p03_Y_short_r0_none_trend","computed","none","trend",3,0,"Y_short",1,3,3,"VAR_diff_r0",474.863901377384,61,57,21,0,0,6,27,1.17079350195798,1.17079350195798,"ok","complexity_component_only_requires_robust_fit_term",FALSE,FALSE,-895.727802754767,-840.565418523235,-874.289820508889,-843.589871720285,NA,NA,NA,3,NA,NA,NA,"shaikh_window",1947,2011
1772630502,"SR_none__LR_trend","p03_Y_short_r1_none_trend","computed","none","trend",3,1,"Y_short",1,3,3,"VECM_ranked_qrestricted",475.363624814736,61,57,21,6,0,6,33,1.14158639382133,1.14158639382133,"ok","complexity_component_only_requires_robust_fit_term",FALSE,FALSE,-884.727249629472,-817.306557790931,-858.525271328953,-787.162032238167,-0.0464049440254768,2,1,2,0,NA,NA,"shaikh_window",1947,2011
1772630502,"SR_none__LR_trend","p03_Y_short_r2_none_trend","computed","none","trend",3,2,"Y_short",1,3,3,"VECM_ranked_qrestricted",483.857603816666,61,57,21,10,0,6,37,0.946536225576239,0.946536225576239,"ok","complexity_component_only_requires_robust_fit_term",FALSE,FALSE,-893.715207633332,-818.122310723454,-864.337231963054,-745.715207633332,-0.0102772805233533,1,1,1,0,NA,NA,"shaikh_window",1947,2011
1772630502,"SR_none__LR_trend","p03_K_short_r0_none_trend","computed","none","trend",3,0,"K_short",3,1,3,"VAR_diff_r0",474.863901377384,61,57,21,0,0,6,27,1.17079350195798,1.17079350195798,"ok","complexity_component_only_requires_robust_fit_term",FALSE,FALSE,-895.727802754767,-840.565418523235,-874.289820508889,-843.589871720285,NA,NA,NA,3,NA,NA,NA,"shaikh_window",1947,2011
1772630502,"SR_none__LR_trend","p03_K_short_r1_none_trend","computed","none","trend",3,1,"K_short",3,1,3,"VECM_ranked_qrestricted",474.003773384249,61,57,21,6,0,6,33,1.09383253202957,1.09383253202957,"ok","complexity_component_only_requires_robust_fit_term",FALSE,FALSE,-882.007546768499,-814.586854929959,-855.805568467981,-784.442329377194,-0.0404766913962373,2,1,2,0,NA,NA,"shaikh_window",1947,2011
1772630502,"SR_none__LR_trend","p03_K_short_r2_none_trend","computed","none","trend",3,2,"K_short",3,1,3,"VECM_ranked_qrestricted",479.163703020126,61,57,21,10,0,6,37,0.949414580620644,0.949414580620644,"ok","complexity_component_only_requires_robust_fit_term",FALSE,FALSE,-884.327406040252,-808.734509130373,-854.949430369974,-736.327406040252,-0.00678522121539538,1,1,1,0,NA,NA,"shaikh_window",1947,2011
1772630502,"SR_none__LR_trend","p03_E_short_r0_none_trend","computed","none","trend",3,0,"E_short",3,3,1,"VAR_diff_r0",474.863901377384,61,57,21,0,0,6,27,1.17079350195798,1.17079350195798,"ok","complexity_component_only_requires_robust_fit_term",FALSE,FALSE,-895.727802754767,-840.565418523235,-874.289820508889,-843.589871720285,NA,NA,NA,3,NA,NA,NA,"shaikh_window",1947,2011
1772630502,"SR_none__LR_trend","p03_E_short_r1_none_trend","computed","none","trend",3,1,"E_short",3,3,1,"VECM_ranked_qrestricted",478.612689347496,61,57,21,6,0,6,33,1.11402600085465,1.11402600085465,"ok","complexity_component_only_requires_robust_fit_term",FALSE,FALSE,-891.225378694992,-823.804686856452,-865.023400394473,-793.660161303687,-0.0752405265198985,2,1,2,0,NA,NA,"shaikh_window",1947,2011
1772630502,"SR_none__LR_trend","p03_E_short_r2_none_trend","computed","none","trend",3,2,"E_short",3,3,1,"VECM_ranked_qrestricted",485.528398421025,61,57,21,10,0,6,37,0.969474242330111,0.969474242330111,"ok","complexity_component_only_requires_robust_fit_term",FALSE,FALSE,-897.05679684205,-821.463899932172,-867.678821171772,-749.05679684205,-0.0255057000300873,1,1,1,0,NA,NA,"shaikh_window",1947,2011
1772630502,"SR_none__LR_trend","p04_sym_r0_none_trend","computed","none","trend",4,0,"sym",4,4,4,"VAR_diff_r0",473.742393812729,60,57,36,0,0,6,42,1.15207851761861,1.15207851761861,"ok","complexity_component_only_requires_robust_fit_term",FALSE,FALSE,-863.484787625458,-777.676634376407,-830.13681524298,-605.484787625458,NA,NA,NA,3,NA,NA,NA,"shaikh_window",1947,2011
1772630502,"SR_none__LR_trend","p04_sym_r1_none_trend","computed","none","trend",4,1,"sym",4,4,4,"VECM_ranked_qrestricted",479.417243699532,60,57,36,6,0,6,48,1.16493583650898,1.16493583650898,"ok","complexity_component_only_requires_robust_fit_term",FALSE,FALSE,-862.834487399064,-764.768026543006,-824.722518961947,-274.834487399064,-0.0765483765133472,2,1,2,0,NA,NA,"shaikh_window",1947,2011
1772630502,"SR_none__LR_trend","p04_sym_r2_none_trend","computed","none","trend",4,2,"sym",4,4,4,"VECM_ranked_qrestricted",485.732820422995,60,57,36,10,0,6,52,0.97145286875276,0.97145286875276,"ok","complexity_component_only_requires_robust_fit_term",FALSE,FALSE,-867.465640845991,-761.226974918594,-826.177675039114,510.534359154009,-0.0225042690777055,1,1,1,0,NA,NA,"shaikh_window",1947,2011
1772630502,"SR_none__LR_trend","p04_Y_only_r0_none_trend","computed","none","trend",4,0,"Y_only",4,0,0,"VAR_diff_r0",473.742393812729,60,57,12,0,0,6,18,1.15207851761861,1.15207851761861,"ok","complexity_component_only_requires_robust_fit_term",FALSE,FALSE,-911.484787625458,-874.709864804436,-897.192799461539,-893.484787625458,NA,NA,NA,3,NA,NA,NA,"shaikh_window",1947,2011
1772630502,"SR_none__LR_trend","p04_Y_only_r1_none_trend","computed","none","trend",4,1,"Y_only",4,0,0,"VECM_ranked_qrestricted",449.419239736604,60,57,12,6,0,6,24,1.10553312410877,1.10553312410877,"ok","complexity_component_only_requires_robust_fit_term",FALSE,FALSE,-850.838479473207,-801.805249045178,-831.782495254648,-813.338479473207,-0.0860645048397723,2,1,2,0,NA,NA,"shaikh_window",1947,2011
1772630502,"SR_none__LR_trend","p04_Y_only_r2_none_trend","computed","none","trend",4,2,"Y_only",4,0,0,"VECM_ranked_qrestricted",450.943271482681,60,57,12,10,0,6,28,1.08869801052978,1.08869801052978,"ok","complexity_component_only_requires_robust_fit_term",FALSE,FALSE,-845.886542965361,-788.681107465994,-823.654561377042,-787.886542965361,-0.0698591745912096,1,1,1,0,NA,NA,"shaikh_window",1947,2011
1772630502,"SR_none__LR_trend","p04_K_only_r0_none_trend","computed","none","trend",4,0,"K_only",0,4,0,"VAR_diff_r0",473.742393812729,60,57,12,0,0,6,18,1.15207851761861,1.15207851761861,"ok","complexity_component_only_requires_robust_fit_term",FALSE,FALSE,-911.484787625458,-874.709864804436,-897.192799461539,-893.484787625458,NA,NA,NA,3,NA,NA,NA,"shaikh_window",1947,2011
1772630502,"SR_none__LR_trend","p04_K_only_r1_none_trend","computed","none","trend",4,1,"K_only",0,4,0,"VECM_ranked_qrestricted",441.956317855293,60,57,12,6,0,6,24,0.978735269682048,0.978735269682048,"ok","complexity_component_only_requires_robust_fit_term",FALSE,FALSE,-835.912635710587,-786.879405282558,-816.856651492028,-798.412635710587,0.0666737294199102,2,0,2,0,NA,NA,"shaikh_window",1947,2011
1772630502,"SR_none__LR_trend","p04_K_only_r2_none_trend","computed","none","trend",4,2,"K_only",0,4,0,"VECM_ranked_qrestricted",445.053965756952,60,57,12,10,0,6,28,0.972938117153777,0.972938117153777,"ok","complexity_component_only_requires_robust_fit_term",FALSE,FALSE,-834.107931513904,-776.902496014537,-811.875949925585,-776.107931513904,0.0741750603161797,1,0,1,0,NA,NA,"shaikh_window",1947,2011
1772630502,"SR_none__LR_trend","p04_E_only_r0_none_trend","computed","none","trend",4,0,"E_only",0,0,4,"VAR_diff_r0",473.742393812729,60,57,12,0,0,6,18,1.15207851761861,1.15207851761861,"ok","complexity_component_only_requires_robust_fit_term",FALSE,FALSE,-911.484787625458,-874.709864804436,-897.192799461539,-893.484787625458,NA,NA,NA,3,NA,NA,NA,"shaikh_window",1947,2011
1772630502,"SR_none__LR_trend","p04_E_only_r1_none_trend","computed","none","trend",4,1,"E_only",0,0,4,"VECM_ranked_qrestricted",439.311692645769,60,57,12,6,0,6,24,0.773748837881687,0.773748837881687,"ok","complexity_component_only_requires_robust_fit_term",FALSE,FALSE,-830.623385291537,-781.590154863508,-811.567401072979,-793.123385291537,-0.0197848057790708,2,1,2,0,NA,NA,"shaikh_window",1947,2011
1772630502,"SR_none__LR_trend","p04_E_only_r2_none_trend","computed","none","trend",4,2,"E_only",0,0,4,"VECM_ranked_qrestricted",450.372943522069,60,57,12,10,0,6,28,0.802528259049044,0.802528259049044,"ok","complexity_component_only_requires_robust_fit_term",FALSE,FALSE,-844.745887044139,-787.540451544771,-822.51390545582,-786.745887044139,0.0321574859940257,1,0,1,0,NA,NA,"shaikh_window",1947,2011
1772630502,"SR_none__LR_trend","p04_Y_short_r0_none_trend","computed","none","trend",4,0,"Y_short",1,4,4,"VAR_diff_r0",473.742393812729,60,57,27,0,0,6,33,1.15207851761861,1.15207851761861,"ok","complexity_component_only_requires_robust_fit_term",FALSE,FALSE,-881.484787625458,-814.064095786918,-855.28280932494,-783.919570234154,NA,NA,NA,3,NA,NA,NA,"shaikh_window",1947,2011
1772630502,"SR_none__LR_trend","p04_Y_short_r1_none_trend","computed","none","trend",4,1,"Y_short",1,4,4,"VECM_ranked_qrestricted",472.320505774607,60,57,27,6,0,6,39,1.22565626339008,1.22565626339008,"ok","complexity_component_only_requires_robust_fit_term",FALSE,FALSE,-866.641011549214,-786.962012103666,-835.675037194056,-683.111599784508,-0.0361573415926821,2,1,2,0,NA,NA,"shaikh_window",1947,2011
1772630502,"SR_none__LR_trend","p04_Y_short_r2_none_trend","computed","none","trend",4,2,"Y_short",1,4,4,"VECM_ranked_qrestricted",481.368581089499,60,57,27,10,0,6,43,0.938687938430633,0.938687938430633,"ok","complexity_component_only_requires_robust_fit_term",FALSE,FALSE,-876.737162178998,-788.885957662113,-842.595190454081,-585.660239102075,-0.00255278813007109,1,1,1,0,NA,NA,"shaikh_window",1947,2011
1772630502,"SR_none__LR_trend","p04_K_short_r0_none_trend","computed","none","trend",4,0,"K_short",4,1,4,"VAR_diff_r0",473.742393812729,60,57,27,0,0,6,33,1.15207851761861,1.15207851761861,"ok","complexity_component_only_requires_robust_fit_term",FALSE,FALSE,-881.484787625458,-814.064095786918,-855.28280932494,-783.919570234154,NA,NA,NA,3,NA,NA,NA,"shaikh_window",1947,2011
1772630502,"SR_none__LR_trend","p04_K_short_r1_none_trend","computed","none","trend",4,1,"K_short",4,1,4,"VECM_ranked_qrestricted",470.949520918877,60,57,27,6,0,6,39,1.14571450417777,1.14571450417777,"ok","complexity_component_only_requires_robust_fit_term",FALSE,FALSE,-863.899041837755,-784.220042392207,-832.933067482597,-680.369630073049,-0.0639460904086477,2,1,2,0,NA,NA,"shaikh_window",1947,2011
1772630502,"SR_none__LR_trend","p04_K_short_r2_none_trend","computed","none","trend",4,2,"K_short",4,1,4,"VECM_ranked_qrestricted",475.461587704426,60,57,27,10,0,6,43,1.01392525974523,1.01392525974523,"ok","complexity_component_only_requires_robust_fit_term",FALSE,FALSE,-864.923175408851,-777.071970891966,-830.781203683933,-573.846252331928,-0.0150468669320261,1,1,1,0,NA,NA,"shaikh_window",1947,2011
1772630502,"SR_none__LR_trend","p04_E_short_r0_none_trend","computed","none","trend",4,0,"E_short",4,4,1,"VAR_diff_r0",473.742393812729,60,57,27,0,0,6,33,1.15207851761861,1.15207851761861,"ok","complexity_component_only_requires_robust_fit_term",FALSE,FALSE,-881.484787625458,-814.064095786918,-855.28280932494,-783.919570234154,NA,NA,NA,3,NA,NA,NA,"shaikh_window",1947,2011
1772630502,"SR_none__LR_trend","p04_E_short_r1_none_trend","computed","none","trend",4,1,"E_short",4,4,1,"VECM_ranked_qrestricted",475.701116746869,60,57,27,6,0,6,39,1.1071910321379,1.1071910321379,"ok","complexity_component_only_requires_robust_fit_term",FALSE,FALSE,-873.402233493737,-793.72323404819,-842.436259138579,-689.872821729031,-0.109710376374191,2,1,2,0,NA,NA,"shaikh_window",1947,2011
1772630502,"SR_none__LR_trend","p04_E_short_r2_none_trend","computed","none","trend",4,2,"E_short",4,4,1,"VECM_ranked_qrestricted",481.850554143936,60,57,27,10,0,6,43,0.979489700090404,0.979489700090404,"ok","complexity_component_only_requires_robust_fit_term",FALSE,FALSE,-877.701108287873,-789.849903770987,-843.559136562955,-586.624185210949,-0.0562555637427435,1,1,1,0,NA,NA,"shaikh_window",1947,2011
1772630502,"SR_none__LR_trend","p05_sym_r0_none_trend","computed","none","trend",5,0,"sym",5,5,5,"VAR_diff_r0",467.989833969658,59,57,45,0,0,6,51,1.12875357185875,1.12875357185875,"ok","complexity_component_only_requires_robust_fit_term",FALSE,FALSE,-833.979667939316,-729.784053279754,-793.485701474879,226.820332060684,NA,NA,NA,3,NA,NA,NA,"shaikh_window",1947,2011
1772630502,"SR_none__LR_trend","p05_sym_r1_none_trend","computed","none","trend",5,1,"sym",5,5,5,"VECM_ranked_qrestricted",473.837438199512,59,57,45,6,0,6,57,1.07541988353373,1.07541988353373,"ok","complexity_component_only_requires_robust_fit_term",FALSE,FALSE,-833.674876399024,-717.220954132455,-788.416913879947,NA,-0.101663612238504,2,1,2,0,NA,NA,"shaikh_window",1947,2011
1772630502,"SR_none__LR_trend","p05_sym_r2_none_trend","computed","none","trend",5,2,"sym",5,5,5,"VECM_ranked_qrestricted",480.8587284774,59,57,45,10,0,6,61,0.92510973343288,0.92510973343288,"ok","complexity_component_only_requires_robust_fit_term",FALSE,FALSE,-839.7174569548,-715.091329616893,-791.283497065964,NA,-0.0515046027273292,1,1,1,0,NA,NA,"shaikh_window",1947,2011
1772630502,"SR_none__LR_trend","p05_Y_only_r0_none_trend","computed","none","trend",5,0,"Y_only",5,0,0,"VAR_diff_r0",467.989833969658,59,57,15,0,0,6,21,1.12875357185875,1.12875357185875,"ok","complexity_component_only_requires_robust_fit_term",FALSE,FALSE,-893.979667939316,-851.075591314791,-877.305681748077,-867.579667939316,NA,NA,NA,3,NA,NA,NA,"shaikh_window",1947,2011
1772630502,"SR_none__LR_trend","p05_Y_only_r1_none_trend","computed","none","trend",5,1,"Y_only",5,0,0,"VECM_ranked_qrestricted",442.879145310084,59,57,15,6,0,6,27,1.15281374879886,1.15281374879886,"ok","complexity_component_only_requires_robust_fit_term",FALSE,FALSE,-831.758290620167,-776.595906388634,-810.320308374288,-779.620359585684,-0.238951375816291,2,1,2,0,NA,NA,"shaikh_window",1947,2011
1772630502,"SR_none__LR_trend","p05_Y_only_r2_none_trend","computed","none","trend",5,2,"Y_only",5,0,0,"VECM_ranked_qrestricted",443.577221586032,59,57,15,10,0,6,31,1.16005904014827,1.16005904014827,"ok","complexity_component_only_requires_robust_fit_term",FALSE,FALSE,-825.154443172063,-761.819853869192,-800.540463556425,-745.794443172063,-0.240274106941742,1,1,1,0,NA,NA,"shaikh_window",1947,2011
1772630502,"SR_none__LR_trend","p05_K_only_r0_none_trend","computed","none","trend",5,0,"K_only",0,5,0,"VAR_diff_r0",467.989833969658,59,57,15,0,0,6,21,1.12875357185875,1.12875357185875,"ok","complexity_component_only_requires_robust_fit_term",FALSE,FALSE,-893.979667939316,-851.075591314791,-877.305681748077,-867.579667939316,NA,NA,NA,3,NA,NA,NA,"shaikh_window",1947,2011
1772630502,"SR_none__LR_trend","p05_K_only_r1_none_trend","computed","none","trend",5,1,"K_only",0,5,0,"VECM_ranked_qrestricted",437.19178528974,59,57,15,6,0,6,27,0.975740252029329,0.975740252029329,"ok","complexity_component_only_requires_robust_fit_term",FALSE,FALSE,-820.38357057948,-765.221186347947,-798.945588333601,-768.245639544997,0.10326404608581,2,0,2,0,NA,NA,"shaikh_window",1947,2011
1772630502,"SR_none__LR_trend","p05_K_only_r2_none_trend","computed","none","trend",5,2,"K_only",0,5,0,"VECM_ranked_qrestricted",438.541774179216,59,57,15,10,0,6,31,0.988919521573695,0.988919521573695,"ok","complexity_component_only_requires_robust_fit_term",FALSE,FALSE,-815.083548358432,-751.748959055561,-790.469568742794,-735.723548358432,0.074703482217492,1,0,1,0,NA,NA,"shaikh_window",1947,2011
1772630502,"SR_none__LR_trend","p05_E_only_r0_none_trend","computed","none","trend",5,0,"E_only",0,0,5,"VAR_diff_r0",467.989833969658,59,57,15,0,0,6,21,1.12875357185875,1.12875357185875,"ok","complexity_component_only_requires_robust_fit_term",FALSE,FALSE,-893.979667939316,-851.075591314791,-877.305681748077,-867.579667939316,NA,NA,NA,3,NA,NA,NA,"shaikh_window",1947,2011
1772630502,"SR_none__LR_trend","p05_E_only_r1_none_trend","computed","none","trend",5,1,"E_only",0,0,5,"VECM_ranked_qrestricted",439.630483891539,59,57,15,6,0,6,27,0.790269850810624,0.790269850810624,"ok","complexity_component_only_requires_robust_fit_term",FALSE,FALSE,-825.260967783078,-770.098583551546,-803.8229855372,-773.123036748596,-0.104013949412433,2,1,2,0,NA,NA,"shaikh_window",1947,2011
1772630502,"SR_none__LR_trend","p05_E_only_r2_none_trend","computed","none","trend",5,2,"E_only",0,0,5,"VECM_ranked_qrestricted",445.955671043973,59,57,15,10,0,6,31,0.890771729425914,0.890771729425914,"ok","complexity_component_only_requires_robust_fit_term",FALSE,FALSE,-829.911342087947,-766.576752785076,-805.297362472309,-750.551342087947,-0.0727932081460776,1,1,1,0,NA,NA,"shaikh_window",1947,2011
1772630502,"SR_none__LR_trend","p05_Y_short_r0_none_trend","computed","none","trend",5,0,"Y_short",1,5,5,"VAR_diff_r0",467.989833969658,59,57,33,0,0,6,39,1.12875357185875,1.12875357185875,"ok","complexity_component_only_requires_robust_fit_term",FALSE,FALSE,-857.979667939316,-778.300668493769,-827.013693584158,-674.45025617461,NA,NA,NA,3,NA,NA,NA,"shaikh_window",1947,2011
1772630502,"SR_none__LR_trend","p05_Y_short_r1_none_trend","computed","none","trend",5,1,"Y_short",1,5,5,"VECM_ranked_qrestricted",468.356597669566,59,57,33,6,0,6,45,1.03842333990314,1.03842333990314,"ok","complexity_component_only_requires_robust_fit_term",FALSE,FALSE,-846.713195339131,-754.775888286576,-810.983224929334,-470.349558975495,-0.055980315307397,2,1,2,0,NA,NA,"shaikh_window",1947,2011
1772630502,"SR_none__LR_trend","p05_Y_short_r2_none_trend","computed","none","trend",5,2,"Y_short",1,5,5,"VECM_ranked_qrestricted",476.500388314581,59,57,33,10,0,6,49,0.880544221996423,0.880544221996423,"ok","complexity_component_only_requires_robust_fit_term",FALSE,FALSE,-855.000776629161,-754.891264505268,-816.094808849604,-155.000776629161,-0.0401556173784499,1,1,1,0,NA,NA,"shaikh_window",1947,2011
1772630502,"SR_none__LR_trend","p05_K_short_r0_none_trend","computed","none","trend",5,0,"K_short",5,1,5,"VAR_diff_r0",467.989833969658,59,57,33,0,0,6,39,1.12875357185875,1.12875357185875,"ok","complexity_component_only_requires_robust_fit_term",FALSE,FALSE,-857.979667939316,-778.300668493769,-827.013693584158,-674.45025617461,NA,NA,NA,3,NA,NA,NA,"shaikh_window",1947,2011
1772630502,"SR_none__LR_trend","p05_K_short_r1_none_trend","computed","none","trend",5,1,"K_short",5,1,5,"VECM_ranked_qrestricted",467.031739638959,59,57,33,6,0,6,45,1.11341598441424,1.11341598441424,"ok","complexity_component_only_requires_robust_fit_term",FALSE,FALSE,-844.063479277919,-752.126172225364,-808.333508868121,-467.699842914282,-0.0997374064983416,2,1,2,0,NA,NA,"shaikh_window",1947,2011
1772630502,"SR_none__LR_trend","p05_K_short_r2_none_trend","computed","none","trend",5,2,"K_short",5,1,5,"VECM_ranked_qrestricted",469.750246018183,59,57,33,10,0,6,49,1.04548273102202,1.04548273102202,"ok","complexity_component_only_requires_robust_fit_term",FALSE,FALSE,-841.500492036365,-741.390979912472,-802.594524256808,-141.500492036365,-0.0537843285355437,1,1,1,0,NA,NA,"shaikh_window",1947,2011
1772630502,"SR_none__LR_trend","p05_E_short_r0_none_trend","computed","none","trend",5,0,"E_short",5,5,1,"VAR_diff_r0",467.989833969658,59,57,33,0,0,6,39,1.12875357185875,1.12875357185875,"ok","complexity_component_only_requires_robust_fit_term",FALSE,FALSE,-857.979667939316,-778.300668493769,-827.013693584158,-674.45025617461,NA,NA,NA,3,NA,NA,NA,"shaikh_window",1947,2011
1772630502,"SR_none__LR_trend","p05_E_short_r1_none_trend","computed","none","trend",5,1,"E_short",5,5,1,"VECM_ranked_qrestricted",470.936902610003,59,57,33,6,0,6,45,1.02504852363093,1.02504852363093,"ok","complexity_component_only_requires_robust_fit_term",FALSE,FALSE,-851.873805220005,-759.936498167451,-816.143834810208,-475.510168856369,-0.197507548006105,2,1,2,0,NA,NA,"shaikh_window",1947,2011
1772630502,"SR_none__LR_trend","p05_E_short_r2_none_trend","computed","none","trend",5,2,"E_short",5,5,1,"VECM_ranked_qrestricted",474.088583846061,59,57,33,10,0,6,49,0.975927141156777,0.975927141156777,"ok","complexity_component_only_requires_robust_fit_term",FALSE,FALSE,-850.177167692121,-750.067655568228,-811.271199912564,-150.177167692121,-0.159378579424357,1,1,1,0,NA,NA,"shaikh_window",1947,2011
1772630502,"SR_none__LR_trend","p06_sym_r0_none_trend","computed","none","trend",6,0,"sym",6,6,6,"VAR_diff_r0",461.514467720102,58,57,54,0,0,6,60,1.10967399044454,1.10967399044454,"ok","complexity_component_only_requires_robust_fit_term",FALSE,FALSE,-803.028935440203,-680.44585937013,-755.388974893806,NA,NA,NA,NA,3,NA,NA,NA,"shaikh_window",1947,2011
1772630502,"SR_none__LR_trend","p06_sym_r1_none_trend","computed","none","trend",6,1,"sym",6,6,6,"VECM_ranked_qrestricted",466.220502674951,58,57,54,6,0,6,66,1.20118612755237,1.20118612755237,"ok","complexity_component_only_requires_robust_fit_term",FALSE,FALSE,-800.441005349902,-665.599621672822,-748.037048748866,NA,-0.00644426796852615,2,1,2,0,NA,NA,"shaikh_window",1947,2011
1772630502,"SR_none__LR_trend","p06_sym_r2_none_trend","computed","none","trend",6,2,"sym",6,6,6,"VECM_ranked_qrestricted",476.153588946552,58,57,54,10,0,6,70,0.964887829734565,0.964887829734565,"ok","complexity_component_only_requires_robust_fit_term",FALSE,FALSE,-812.307177893105,-669.293589144686,-756.727223922309,NA,-0.0508189765937155,1,1,1,0,NA,NA,"shaikh_window",1947,2011
1772630502,"SR_none__LR_trend","p06_Y_only_r0_none_trend","computed","none","trend",6,0,"Y_only",6,0,0,"VAR_diff_r0",461.514467720102,58,57,18,0,0,6,24,1.10967399044454,1.10967399044454,"ok","complexity_component_only_requires_robust_fit_term",FALSE,FALSE,-875.028935440203,-825.995705012174,-855.972951221645,-837.528935440203,NA,NA,NA,3,NA,NA,NA,"shaikh_window",1947,2011
1772630502,"SR_none__LR_trend","p06_Y_only_r1_none_trend","computed","none","trend",6,1,"Y_only",6,0,0,"VECM_ranked_qrestricted",432.18189871867,58,57,18,6,0,6,30,1.19464614614477,1.19464614614477,"ok","complexity_component_only_requires_robust_fit_term",FALSE,FALSE,-804.363797437339,-743.072259402303,-780.543817164141,-732.825335898878,0.0383964724617893,2,0,2,0,NA,NA,"shaikh_window",1947,2011
1772630502,"SR_none__LR_trend","p06_Y_only_r2_none_trend","computed","none","trend",6,2,"Y_only",6,0,0,"VECM_ranked_qrestricted",435.723304901754,58,57,18,10,0,6,34,1.17391184642124,1.17391184642124,"ok","complexity_component_only_requires_robust_fit_term",FALSE,FALSE,-803.446609803509,-733.982866697134,-776.450632160551,-695.264791621691,-0.181788226276234,1,1,1,0,NA,NA,"shaikh_window",1947,2011
1772630502,"SR_none__LR_trend","p06_K_only_r0_none_trend","computed","none","trend",6,0,"K_only",0,6,0,"VAR_diff_r0",461.514467720102,58,57,18,0,0,6,24,1.10967399044454,1.10967399044454,"ok","complexity_component_only_requires_robust_fit_term",FALSE,FALSE,-875.028935440203,-825.995705012174,-855.972951221645,-837.528935440203,NA,NA,NA,3,NA,NA,NA,"shaikh_window",1947,2011
1772630502,"SR_none__LR_trend","p06_K_only_r1_none_trend","computed","none","trend",6,1,"K_only",0,6,0,"VECM_ranked_qrestricted",426.675681100993,58,57,18,6,0,6,30,1.13441803338531,1.13441803338531,"ok","complexity_component_only_requires_robust_fit_term",FALSE,FALSE,-793.351362201987,-732.05982416695,-769.531381928789,-721.812900663525,0.0759409952300124,2,0,2,0,NA,NA,"shaikh_window",1947,2011
1772630502,"SR_none__LR_trend","p06_K_only_r2_none_trend","computed","none","trend",6,2,"K_only",0,6,0,"VECM_ranked_qrestricted",430.67161620816,58,57,18,10,0,6,34,1.02083567134142,1.02083567134142,"ok","complexity_component_only_requires_robust_fit_term",FALSE,FALSE,-793.343232416321,-723.879489309946,-766.347254773362,-685.161414234502,0.0870892954948607,1,0,1,0,NA,NA,"shaikh_window",1947,2011
1772630502,"SR_none__LR_trend","p06_E_only_r0_none_trend","computed","none","trend",6,0,"E_only",0,0,6,"VAR_diff_r0",461.514467720102,58,57,18,0,0,6,24,1.10967399044454,1.10967399044454,"ok","complexity_component_only_requires_robust_fit_term",FALSE,FALSE,-875.028935440203,-825.995705012174,-855.972951221645,-837.528935440203,NA,NA,NA,3,NA,NA,NA,"shaikh_window",1947,2011
1772630502,"SR_none__LR_trend","p06_E_only_r1_none_trend","computed","none","trend",6,1,"E_only",0,0,6,"VECM_ranked_qrestricted",414.954595868601,58,57,18,6,0,6,30,1.0534288329787,1.0534288329787,"ok","complexity_component_only_requires_robust_fit_term",FALSE,FALSE,-769.909191737202,-708.617653702166,-746.089211464004,-698.370730198741,0.135820351016406,2,0,2,0,NA,NA,"shaikh_window",1947,2011
1772630502,"SR_none__LR_trend","p06_E_only_r2_none_trend","computed","none","trend",6,2,"E_only",0,0,6,"VECM_ranked_qrestricted",437.778528412931,58,57,18,10,0,6,34,0.857030810321323,0.857030810321323,"ok","complexity_component_only_requires_robust_fit_term",FALSE,FALSE,-807.557056825862,-738.093313719487,-780.561079182904,-699.375238644044,-0.02054291785201,1,1,1,0,NA,NA,"shaikh_window",1947,2011
1772630502,"SR_none__LR_trend","p06_Y_short_r0_none_trend","computed","none","trend",6,0,"Y_short",1,6,6,"VAR_diff_r0",461.514467720102,58,57,39,0,0,6,45,1.10967399044454,1.10967399044454,"ok","complexity_component_only_requires_robust_fit_term",FALSE,FALSE,-833.028935440203,-741.091628387649,-797.298965030406,-456.665299076567,NA,NA,NA,3,NA,NA,NA,"shaikh_window",1947,2011
1772630502,"SR_none__LR_trend","p06_Y_short_r1_none_trend","computed","none","trend",6,1,"Y_short",1,6,6,"VECM_ranked_qrestricted",455.271936002477,58,57,39,6,0,6,51,1.40340121891905,1.40340121891905,"ok","complexity_component_only_requires_robust_fit_term",FALSE,FALSE,-808.543872004955,-704.348257345393,-768.049905540517,252.256127995045,0.0868773600747801,2,0,2,0,NA,NA,"shaikh_window",1947,2011
1772630502,"SR_none__LR_trend","p06_Y_short_r2_none_trend","computed","none","trend",6,2,"Y_short",1,6,6,"VECM_ranked_qrestricted",470.206067744403,58,57,39,10,0,6,55,0.903693610026117,0.903693610026117,"ok","complexity_component_only_requires_robust_fit_term",FALSE,FALSE,-830.412135488806,-718.044315757906,-786.742171654609,5329.58786451119,-0.02291667012101,1,1,1,0,NA,NA,"shaikh_window",1947,2011
1772630502,"SR_none__LR_trend","p06_K_short_r0_none_trend","computed","none","trend",6,0,"K_short",6,1,6,"VAR_diff_r0",461.514467720102,58,57,39,0,0,6,45,1.10967399044454,1.10967399044454,"ok","complexity_component_only_requires_robust_fit_term",FALSE,FALSE,-833.028935440203,-741.091628387649,-797.298965030406,-456.665299076567,NA,NA,NA,3,NA,NA,NA,"shaikh_window",1947,2011
1772630502,"SR_none__LR_trend","p06_K_short_r1_none_trend","computed","none","trend",6,1,"K_short",6,1,6,"VECM_ranked_qrestricted",457.48944174817,58,57,39,6,0,6,51,1.19234412144308,1.19234412144308,"ok","complexity_component_only_requires_robust_fit_term",FALSE,FALSE,-812.97888349634,-708.783268836778,-772.484917031902,247.82111650366,0.0107052590061528,2,0,2,0,NA,NA,"shaikh_window",1947,2011
1772630502,"SR_none__LR_trend","p06_K_short_r2_none_trend","computed","none","trend",6,2,"K_short",6,1,6,"VECM_ranked_qrestricted",463.007816605139,58,57,39,10,0,6,55,1.07120727903489,1.07120727903489,"ok","complexity_component_only_requires_robust_fit_term",FALSE,FALSE,-816.015633210278,-703.647813479378,-772.345669376081,5343.98436678972,-0.0649091883176138,1,1,1,0,NA,NA,"shaikh_window",1947,2011
1772630502,"SR_none__LR_trend","p06_E_short_r0_none_trend","computed","none","trend",6,0,"E_short",6,6,1,"VAR_diff_r0",461.514467720102,58,57,39,0,0,6,45,1.10967399044454,1.10967399044454,"ok","complexity_component_only_requires_robust_fit_term",FALSE,FALSE,-833.028935440203,-741.091628387649,-797.298965030406,-456.665299076567,NA,NA,NA,3,NA,NA,NA,"shaikh_window",1947,2011
1772630502,"SR_none__LR_trend","p06_E_short_r1_none_trend","computed","none","trend",6,1,"E_short",6,6,1,"VECM_ranked_qrestricted",459.044845229987,58,57,39,6,0,6,51,1.11261281261191,1.11261281261191,"ok","complexity_component_only_requires_robust_fit_term",FALSE,FALSE,-816.089690459974,-711.894075800412,-775.595723995536,244.710309540026,-0.00256764147234789,2,1,2,0,NA,NA,"shaikh_window",1947,2011
1772630502,"SR_none__LR_trend","p06_E_short_r2_none_trend","computed","none","trend",6,2,"E_short",6,6,1,"VECM_ranked_qrestricted",466.642227384869,58,57,39,10,0,6,55,0.992831856282724,0.992831856282724,"ok","complexity_component_only_requires_robust_fit_term",FALSE,FALSE,-823.284454769737,-710.916635038837,-779.61449093554,5336.71554523026,-0.108186277643677,1,1,1,0,NA,NA,"shaikh_window",1947,2011
1772630502,"SR_none__LR_trend","p07_sym_r0_none_trend","computed","none","trend",7,0,"sym",7,7,7,"VAR_diff_r0",464.993209089414,57,57,63,0,0,6,69,0.989207107831955,0.989207107831955,"ok","complexity_component_only_requires_robust_fit_term",FALSE,FALSE,-791.986418178828,-651.015880698244,-737.200463550471,NA,NA,NA,NA,3,NA,NA,NA,"shaikh_window",1947,2011
1772630502,"SR_none__LR_trend","p07_sym_r1_none_trend","computed","none","trend",7,1,"sym",7,7,7,"VECM_ranked_qrestricted",478.78460341887,57,57,63,6,0,6,75,0.877326965518105,0.877326965518105,"ok","complexity_component_only_requires_robust_fit_term",FALSE,FALSE,-807.569206837741,-654.34036175015,-748.019256154745,NA,0.034816741506233,2,0,2,0,NA,NA,"shaikh_window",1947,2011
1772630502,"SR_none__LR_trend","p07_sym_r2_none_trend","computed","none","trend",7,2,"sym",7,7,7,"VECM_ranked_qrestricted",488.02041329738,57,57,63,10,0,6,79,0.667061864034029,0.667061864034029,"ok","complexity_component_only_requires_robust_fit_term",FALSE,FALSE,-818.040826594761,-656.639776435831,-755.314878542005,NA,-0.17802223654404,1,1,1,0,NA,NA,"shaikh_window",1947,2011
1772630502,"SR_none__LR_trend","p07_Y_only_r0_none_trend","computed","none","trend",7,0,"Y_only",7,0,0,"VAR_diff_r0",464.993209089414,57,57,21,0,0,6,27,0.989207107831955,0.989207107831955,"ok","complexity_component_only_requires_robust_fit_term",FALSE,FALSE,-875.986418178828,-820.824033947295,-854.548435932949,-823.848487144345,NA,NA,NA,3,NA,NA,NA,"shaikh_window",1947,2011
1772630502,"SR_none__LR_trend","p07_Y_only_r1_none_trend","computed","none","trend",7,1,"Y_only",7,0,0,"VECM_ranked_qrestricted",426.081744553948,57,57,21,6,0,6,33,1.17920939025745,1.17920939025745,"ok","complexity_component_only_requires_robust_fit_term",FALSE,FALSE,-786.163489107896,-718.742797269356,-759.961510807378,-688.598271716591,-0.337532057733615,2,2,2,0,NA,NA,"shaikh_window",1947,2011
1772630502,"SR_none__LR_trend","p07_Y_only_r2_none_trend","computed","none","trend",7,2,"Y_only",7,0,0,"VECM_ranked_qrestricted",430.284116026317,57,57,21,10,0,6,37,1.24437819417107,1.24437819417107,"ok","complexity_component_only_requires_robust_fit_term",FALSE,FALSE,-786.568232052635,-710.975335142756,-757.190256382357,-638.568232052635,-0.537902823516153,1,1,1,0,NA,NA,"shaikh_window",1947,2011
1772630502,"SR_none__LR_trend","p07_K_only_r0_none_trend","computed","none","trend",7,0,"K_only",0,7,0,"VAR_diff_r0",464.993209089414,57,57,21,0,0,6,27,0.989207107831955,0.989207107831955,"ok","complexity_component_only_requires_robust_fit_term",FALSE,FALSE,-875.986418178828,-820.824033947295,-854.548435932949,-823.848487144345,NA,NA,NA,3,NA,NA,NA,"shaikh_window",1947,2011
1772630502,"SR_none__LR_trend","p07_K_only_r1_none_trend","computed","none","trend",7,1,"K_only",0,7,0,"VECM_ranked_qrestricted",422.518917585829,57,57,21,6,0,6,33,1.08820938000495,1.08820938000495,"ok","complexity_component_only_requires_robust_fit_term",FALSE,FALSE,-779.037835171657,-711.617143333117,-752.835856871139,-681.472617780353,-0.0613844974612541,2,2,2,0,NA,NA,"shaikh_window",1947,2011
1772630502,"SR_none__LR_trend","p07_K_only_r2_none_trend","computed","none","trend",7,2,"K_only",0,7,0,"VECM_ranked_qrestricted",424.532509212513,57,57,21,10,0,6,37,1.03553076699713,1.03553076699713,"ok","complexity_component_only_requires_robust_fit_term",FALSE,FALSE,-775.065018425025,-699.472121515147,-745.687042754747,-627.065018425025,-0.230249313613151,1,1,1,0,NA,NA,"shaikh_window",1947,2011
1772630502,"SR_none__LR_trend","p07_E_only_r0_none_trend","computed","none","trend",7,0,"E_only",0,0,7,"VAR_diff_r0",464.993209089414,57,57,21,0,0,6,27,0.989207107831955,0.989207107831955,"ok","complexity_component_only_requires_robust_fit_term",FALSE,FALSE,-875.986418178828,-820.824033947295,-854.548435932949,-823.848487144345,NA,NA,NA,3,NA,NA,NA,"shaikh_window",1947,2011
1772630502,"SR_none__LR_trend","p07_E_only_r1_none_trend","computed","none","trend",7,1,"E_only",0,0,7,"VECM_ranked_qrestricted",380.804024776522,57,57,21,6,0,6,33,2.27390004212133,2.27390004212133,"ok","complexity_component_only_requires_robust_fit_term",FALSE,FALSE,-695.608049553044,-628.187357714504,-669.406071252526,-598.04283216174,-0.18416694373719,2,1,2,0,NA,NA,"shaikh_window",1947,2011
1772630502,"SR_none__LR_trend","p07_E_only_r2_none_trend","computed","none","trend",7,2,"E_only",0,0,7,"VECM_ranked_qrestricted",425.741492285586,57,57,21,10,0,6,37,0.900920638739532,0.900920638739532,"ok","complexity_component_only_requires_robust_fit_term",FALSE,FALSE,-777.482984571172,-701.890087661294,-748.105008900894,-629.482984571172,-0.192729784831398,1,1,1,0,NA,NA,"shaikh_window",1947,2011
1772630502,"SR_none__LR_trend","p07_Y_short_r0_none_trend","computed","none","trend",7,0,"Y_short",1,7,7,"VAR_diff_r0",464.993209089414,57,57,45,0,0,6,51,0.989207107831955,0.989207107831955,"ok","complexity_component_only_requires_robust_fit_term",FALSE,FALSE,-827.986418178828,-723.790803519266,-787.492451714391,232.813581821172,NA,NA,NA,3,NA,NA,NA,"shaikh_window",1947,2011
1772630502,"SR_none__LR_trend","p07_Y_short_r1_none_trend","computed","none","trend",7,1,"Y_short",1,7,7,"VECM_ranked_qrestricted",467.953708288174,57,57,45,6,0,6,57,0.916561281381661,0.916561281381661,"ok","complexity_component_only_requires_robust_fit_term",FALSE,FALSE,-821.907416576349,-705.453494309779,-776.649454057271,NA,0.0659227782153207,2,0,2,0,NA,NA,"shaikh_window",1947,2011
1772630502,"SR_none__LR_trend","p07_Y_short_r2_none_trend","computed","none","trend",7,2,"Y_short",1,7,7,"VECM_ranked_qrestricted",476.058057825887,57,57,45,10,0,6,61,0.712428477115516,0.712428477115516,"ok","complexity_component_only_requires_robust_fit_term",FALSE,FALSE,-830.116115651775,-705.489988313867,-781.682155762938,NA,-0.169398351720089,1,1,1,0,NA,NA,"shaikh_window",1947,2011
1772630502,"SR_none__LR_trend","p07_K_short_r0_none_trend","computed","none","trend",7,0,"K_short",7,1,7,"VAR_diff_r0",464.993209089414,57,57,45,0,0,6,51,0.989207107831955,0.989207107831955,"ok","complexity_component_only_requires_robust_fit_term",FALSE,FALSE,-827.986418178828,-723.790803519266,-787.492451714391,232.813581821172,NA,NA,NA,3,NA,NA,NA,"shaikh_window",1947,2011
1772630502,"SR_none__LR_trend","p07_K_short_r1_none_trend","computed","none","trend",7,1,"K_short",7,1,7,"VECM_ranked_qrestricted",453.122159475306,57,57,45,6,0,6,57,1.18249145172714,1.18249145172714,"ok","complexity_component_only_requires_robust_fit_term",FALSE,FALSE,-792.244318950613,-675.790396684043,-746.986356431536,NA,0.0906787715557085,2,0,2,0,NA,NA,"shaikh_window",1947,2011
1772630502,"SR_none__LR_trend","p07_K_short_r2_none_trend","computed","none","trend",7,2,"K_short",7,1,7,"VECM_ranked_qrestricted",457.733690067756,57,57,45,10,0,6,61,1.20975793915499,1.20975793915499,"ok","complexity_component_only_requires_robust_fit_term",FALSE,FALSE,-793.467380135512,-668.841252797604,-745.033420246675,NA,-0.344464294757921,1,1,1,0,NA,NA,"shaikh_window",1947,2011
1772630502,"SR_none__LR_trend","p07_E_short_r0_none_trend","computed","none","trend",7,0,"E_short",7,7,1,"VAR_diff_r0",464.993209089414,57,57,45,0,0,6,51,0.989207107831955,0.989207107831955,"ok","complexity_component_only_requires_robust_fit_term",FALSE,FALSE,-827.986418178828,-723.790803519266,-787.492451714391,232.813581821172,NA,NA,NA,3,NA,NA,NA,"shaikh_window",1947,2011
1772630502,"SR_none__LR_trend","p07_E_short_r1_none_trend","computed","none","trend",7,1,"E_short",7,7,1,"VECM_ranked_qrestricted",462.980670354235,57,57,45,6,0,6,57,0.865444472785736,0.865444472785736,"ok","complexity_component_only_requires_robust_fit_term",FALSE,FALSE,-811.96134070847,-695.507418441901,-766.703378189393,NA,-0.0516274612339691,2,2,2,0,NA,NA,"shaikh_window",1947,2011
1772630502,"SR_none__LR_trend","p07_E_short_r2_none_trend","computed","none","trend",7,2,"E_short",7,7,1,"VECM_ranked_qrestricted",469.173529481577,57,57,45,10,0,6,61,0.967433336508066,0.967433336508066,"ok","complexity_component_only_requires_robust_fit_term",FALSE,FALSE,-816.347058963155,-691.720931625247,-767.913099074318,NA,-0.447696349323636,1,1,1,0,NA,NA,"shaikh_window",1947,2011
