"run_id","det_tag","cell_id","p","q_tag","eig_id","Re","Im","Mod","window_tag","window_start","window_end"
1772640348,"SR_none__LR_trend","p01_sym_none_trend",1,"sym",1,0.999999999999984,0,0.999999999999984,"shaikh_window",1947,2011
1772640348,"SR_none__LR_trend","p01_sym_none_trend",1,"sym",2,0.984059845722415,0,0.984059845722415,"shaikh_window",1947,2011
1772640348,"SR_none__LR_trend","p01_sym_none_trend",1,"sym",3,0.277082510886755,0,0.277082510886755,"shaikh_window",1947,2011
1772640348,"SR_none__LR_trend","p01_sym_none_trend",1,"sym",4,-0.0611846144124936,0,0.0611846144124936,"shaikh_window",1947,2011
1772640348,"SR_none__LR_trend","p01_Y_only_none_trend",1,"Y_only",1,1,0,1,"shaikh_window",1947,2011
1772640348,"SR_none__LR_trend","p01_Y_only_none_trend",1,"Y_only",2,0.985730777286767,0,0.985730777286767,"shaikh_window",1947,2011
1772640348,"SR_none__LR_trend","p01_Y_only_none_trend",1,"Y_only",3,-0.0832313575641801,0,0.0832313575641801,"shaikh_window",1947,2011
1772640348,"SR_none__LR_trend","p01_Y_only_none_trend",1,"Y_only",4,0,0,0,"shaikh_window",1947,2011
1772640348,"SR_none__LR_trend","p01_K_only_none_trend",1,"K_only",1,0.999999999999995,0,0.999999999999995,"shaikh_window",1947,2011
1772640348,"SR_none__LR_trend","p01_K_only_none_trend",1,"K_only",2,0.984410439096436,0,0.984410439096436,"shaikh_window",1947,2011
1772640348,"SR_none__LR_trend","p01_K_only_none_trend",1,"K_only",3,0.212161757904002,0,0.212161757904002,"shaikh_window",1947,2011
1772640348,"SR_none__LR_trend","p01_K_only_none_trend",1,"K_only",4,0,0,0,"shaikh_window",1947,2011
1772640348,"SR_none__LR_trend","p01_Y_short_none_trend",1,"Y_short",1,0.999999999999984,0,0.999999999999984,"shaikh_window",1947,2011
1772640348,"SR_none__LR_trend","p01_Y_short_none_trend",1,"Y_short",2,0.984059845722415,0,0.984059845722415,"shaikh_window",1947,2011
1772640348,"SR_none__LR_trend","p01_Y_short_none_trend",1,"Y_short",3,0.277082510886755,0,0.277082510886755,"shaikh_window",1947,2011
1772640348,"SR_none__LR_trend","p01_Y_short_none_trend",1,"Y_short",4,-0.0611846144124936,0,0.0611846144124936,"shaikh_window",1947,2011
1772640348,"SR_none__LR_trend","p01_K_short_none_trend",1,"K_short",1,0.999999999999984,0,0.999999999999984,"shaikh_window",1947,2011
1772640348,"SR_none__LR_trend","p01_K_short_none_trend",1,"K_short",2,0.984059845722415,0,0.984059845722415,"shaikh_window",1947,2011
1772640348,"SR_none__LR_trend","p01_K_short_none_trend",1,"K_short",3,0.277082510886755,0,0.277082510886755,"shaikh_window",1947,2011
1772640348,"SR_none__LR_trend","p01_K_short_none_trend",1,"K_short",4,-0.0611846144124936,0,0.0611846144124936,"shaikh_window",1947,2011
1772640348,"SR_none__LR_trend","p02_sym_none_trend",2,"sym",1,1,0,1,"shaikh_window",1947,2011
1772640348,"SR_none__LR_trend","p02_sym_none_trend",2,"sym",2,0.996479372032472,0,0.996479372032472,"shaikh_window",1947,2011
1772640348,"SR_none__LR_trend","p02_sym_none_trend",2,"sym",3,0.320000613243991,0.365469061546747,0.485765403692348,"shaikh_window",1947,2011
1772640348,"SR_none__LR_trend","p02_sym_none_trend",2,"sym",4,0.320000613243991,-0.365469061546747,0.485765403692348,"shaikh_window",1947,2011
1772640348,"SR_none__LR_trend","p02_sym_none_trend",2,"sym",5,-0.245581099943428,0.258243668011449,0.356370409430177,"shaikh_window",1947,2011
1772640348,"SR_none__LR_trend","p02_sym_none_trend",2,"sym",6,-0.245581099943428,-0.258243668011449,0.356370409430177,"shaikh_window",1947,2011
1772640348,"SR_none__LR_trend","p02_Y_only_none_trend",2,"Y_only",1,0.999999999999998,0,0.999999999999998,"shaikh_window",1947,2011
1772640348,"SR_none__LR_trend","p02_Y_only_none_trend",2,"Y_only",2,0.99666369543825,0,0.99666369543825,"shaikh_window",1947,2011
1772640348,"SR_none__LR_trend","p02_Y_only_none_trend",2,"Y_only",3,-0.0251988837936776,0.425037827930833,0.425784145919746,"shaikh_window",1947,2011
1772640348,"SR_none__LR_trend","p02_Y_only_none_trend",2,"Y_only",4,-0.0251988837936776,-0.425037827930833,0.425784145919746,"shaikh_window",1947,2011
1772640348,"SR_none__LR_trend","p02_Y_only_none_trend",2,"Y_only",5,0,0,0,"shaikh_window",1947,2011
1772640348,"SR_none__LR_trend","p02_Y_only_none_trend",2,"Y_only",6,0,0,0,"shaikh_window",1947,2011
1772640348,"SR_none__LR_trend","p02_K_only_none_trend",2,"K_only",1,0.999999999999999,0,0.999999999999999,"shaikh_window",1947,2011
1772640348,"SR_none__LR_trend","p02_K_only_none_trend",2,"K_only",2,0.996034240411501,0,0.996034240411501,"shaikh_window",1947,2011
1772640348,"SR_none__LR_trend","p02_K_only_none_trend",2,"K_only",3,0.447673904633249,0,0.447673904633249,"shaikh_window",1947,2011
1772640348,"SR_none__LR_trend","p02_K_only_none_trend",2,"K_only",4,-0.238460908266759,0,0.238460908266759,"shaikh_window",1947,2011
1772640348,"SR_none__LR_trend","p02_K_only_none_trend",2,"K_only",5,0,0,0,"shaikh_window",1947,2011
1772640348,"SR_none__LR_trend","p02_K_only_none_trend",2,"K_only",6,0,0,0,"shaikh_window",1947,2011
1772640348,"SR_none__LR_trend","p02_Y_short_none_trend",2,"Y_short",1,1.00000000000001,0,1.00000000000001,"shaikh_window",1947,2011
1772640348,"SR_none__LR_trend","p02_Y_short_none_trend",2,"Y_short",2,0.996042284143384,0,0.996042284143384,"shaikh_window",1947,2011
1772640348,"SR_none__LR_trend","p02_Y_short_none_trend",2,"Y_short",3,0.416968729537742,0,0.416968729537742,"shaikh_window",1947,2011
1772640348,"SR_none__LR_trend","p02_Y_short_none_trend",2,"Y_short",4,-0.308430048527624,0,0.308430048527624,"shaikh_window",1947,2011
1772640348,"SR_none__LR_trend","p02_Y_short_none_trend",2,"Y_short",5,0.0326611945385927,0,0.0326611945385927,"shaikh_window",1947,2011
1772640348,"SR_none__LR_trend","p02_Y_short_none_trend",2,"Y_short",6,0,0,0,"shaikh_window",1947,2011
1772640348,"SR_none__LR_trend","p02_K_short_none_trend",2,"K_short",1,1.00000000000002,0,1.00000000000002,"shaikh_window",1947,2011
1772640348,"SR_none__LR_trend","p02_K_short_none_trend",2,"K_short",2,0.996583359953231,0,0.996583359953231,"shaikh_window",1947,2011
1772640348,"SR_none__LR_trend","p02_K_short_none_trend",2,"K_short",3,0.193808308892927,0.433896524697862,0.475213483332301,"shaikh_window",1947,2011
1772640348,"SR_none__LR_trend","p02_K_short_none_trend",2,"K_short",4,0.193808308892927,-0.433896524697862,0.475213483332301,"shaikh_window",1947,2011
1772640348,"SR_none__LR_trend","p02_K_short_none_trend",2,"K_short",5,-0.155918862140239,0,0.155918862140239,"shaikh_window",1947,2011
1772640348,"SR_none__LR_trend","p02_K_short_none_trend",2,"K_short",6,0,0,0,"shaikh_window",1947,2011
1772640348,"SR_none__LR_trend","p03_sym_none_trend",3,"sym",1,1.00090171713585,0,1.00090171713585,"shaikh_window",1947,2011
1772640348,"SR_none__LR_trend","p03_sym_none_trend",3,"sym",2,0.999999999999893,0,0.999999999999893,"shaikh_window",1947,2011
1772640348,"SR_none__LR_trend","p03_sym_none_trend",3,"sym",3,0.630572601520738,0,0.630572601520738,"shaikh_window",1947,2011
1772640348,"SR_none__LR_trend","p03_sym_none_trend",3,"sym",4,0.203853028686097,0.55027866036609,0.58682421674535,"shaikh_window",1947,2011
1772640348,"SR_none__LR_trend","p03_sym_none_trend",3,"sym",5,0.203853028686097,-0.55027866036609,0.58682421674535,"shaikh_window",1947,2011
1772640348,"SR_none__LR_trend","p03_sym_none_trend",3,"sym",6,-0.274724636170019,0.385616788146177,0.473470097280623,"shaikh_window",1947,2011
1772640348,"SR_none__LR_trend","p03_sym_none_trend",3,"sym",7,-0.274724636170019,-0.385616788146177,0.473470097280623,"shaikh_window",1947,2011
1772640348,"SR_none__LR_trend","p03_sym_none_trend",3,"sym",8,-0.283336896915293,0,0.283336896915293,"shaikh_window",1947,2011
1772640348,"SR_none__LR_trend","p03_Y_only_none_trend",3,"Y_only",1,0.999999999999975,0,0.999999999999975,"shaikh_window",1947,2011
1772640348,"SR_none__LR_trend","p03_Y_only_none_trend",3,"Y_only",2,0.998590371919159,0,0.998590371919159,"shaikh_window",1947,2011
1772640348,"SR_none__LR_trend","p03_Y_only_none_trend",3,"Y_only",3,0.201319104958075,0.583319762048911,0.617082917295495,"shaikh_window",1947,2011
1772640348,"SR_none__LR_trend","p03_Y_only_none_trend",3,"Y_only",4,0.201319104958075,-0.583319762048911,0.617082917295495,"shaikh_window",1947,2011
1772640348,"SR_none__LR_trend","p03_Y_only_none_trend",3,"Y_only",5,-0.399616175664947,0,0.399616175664947,"shaikh_window",1947,2011
1772640348,"SR_none__LR_trend","p03_Y_only_none_trend",3,"Y_only",6,0,0,0,"shaikh_window",1947,2011
1772640348,"SR_none__LR_trend","p03_Y_only_none_trend",3,"Y_only",7,0,0,0,"shaikh_window",1947,2011
1772640348,"SR_none__LR_trend","p03_Y_only_none_trend",3,"Y_only",8,0,0,0,"shaikh_window",1947,2011
1772640348,"SR_none__LR_trend","p03_K_only_none_trend",3,"K_only",1,1.00001088474983,0,1.00001088474983,"shaikh_window",1947,2011
1772640348,"SR_none__LR_trend","p03_K_only_none_trend",3,"K_only",2,1.00000000000397,0,1.00000000000397,"shaikh_window",1947,2011
1772640348,"SR_none__LR_trend","p03_K_only_none_trend",3,"K_only",3,0.345561011678993,0,0.345561011678993,"shaikh_window",1947,2011
1772640348,"SR_none__LR_trend","p03_K_only_none_trend",3,"K_only",4,-0.304105899444313,0,0.304105899444313,"shaikh_window",1947,2011
1772640348,"SR_none__LR_trend","p03_K_only_none_trend",3,"K_only",5,0.199629049494032,0,0.199629049494032,"shaikh_window",1947,2011
1772640348,"SR_none__LR_trend","p03_K_only_none_trend",3,"K_only",6,0,0,0,"shaikh_window",1947,2011
1772640348,"SR_none__LR_trend","p03_K_only_none_trend",3,"K_only",7,0,0,0,"shaikh_window",1947,2011
1772640348,"SR_none__LR_trend","p03_K_only_none_trend",3,"K_only",8,0,0,0,"shaikh_window",1947,2011
1772640348,"SR_none__LR_trend","p03_Y_short_none_trend",3,"Y_short",1,1.00069666341973,0,1.00069666341973,"shaikh_window",1947,2011
1772640348,"SR_none__LR_trend","p03_Y_short_none_trend",3,"Y_short",2,1.00000000000013,0,1.00000000000013,"shaikh_window",1947,2011
1772640348,"SR_none__LR_trend","p03_Y_short_none_trend",3,"Y_short",3,0.458882993598705,0,0.458882993598705,"shaikh_window",1947,2011
1772640348,"SR_none__LR_trend","p03_Y_short_none_trend",3,"Y_short",4,-0.33848753038008,0,0.33848753038008,"shaikh_window",1947,2011
1772640348,"SR_none__LR_trend","p03_Y_short_none_trend",3,"Y_short",5,0.041789463039751,0.170451655409239,0.175499646874006,"shaikh_window",1947,2011
1772640348,"SR_none__LR_trend","p03_Y_short_none_trend",3,"Y_short",6,0.041789463039751,-0.170451655409239,0.175499646874006,"shaikh_window",1947,2011
1772640348,"SR_none__LR_trend","p03_Y_short_none_trend",3,"Y_short",7,0,0,0,"shaikh_window",1947,2011
1772640348,"SR_none__LR_trend","p03_Y_short_none_trend",3,"Y_short",8,0,0,0,"shaikh_window",1947,2011
1772640348,"SR_none__LR_trend","p03_K_short_none_trend",3,"K_short",1,1.00000000000002,0,1.00000000000002,"shaikh_window",1947,2011
1772640348,"SR_none__LR_trend","p03_K_short_none_trend",3,"K_short",2,0.999265457754885,0,0.999265457754885,"shaikh_window",1947,2011
1772640348,"SR_none__LR_trend","p03_K_short_none_trend",3,"K_short",3,0.188058087041757,0.585097882599095,0.6145773965285,"shaikh_window",1947,2011
1772640348,"SR_none__LR_trend","p03_K_short_none_trend",3,"K_short",4,0.188058087041757,-0.585097882599095,0.6145773965285,"shaikh_window",1947,2011
1772640348,"SR_none__LR_trend","p03_K_short_none_trend",3,"K_short",5,-0.376111871102115,0,0.376111871102115,"shaikh_window",1947,2011
1772640348,"SR_none__LR_trend","p03_K_short_none_trend",3,"K_short",6,0.338494030042782,0,0.338494030042782,"shaikh_window",1947,2011
1772640348,"SR_none__LR_trend","p03_K_short_none_trend",3,"K_short",7,0,0,0,"shaikh_window",1947,2011
1772640348,"SR_none__LR_trend","p03_K_short_none_trend",3,"K_short",8,0,0,0,"shaikh_window",1947,2011
1772640348,"SR_none__LR_trend","p04_sym_none_trend",4,"sym",1,1.00200286386947,0,1.00200286386947,"shaikh_window",1947,2011
1772640348,"SR_none__LR_trend","p04_sym_none_trend",4,"sym",2,0.999999999999955,0,0.999999999999955,"shaikh_window",1947,2011
1772640348,"SR_none__LR_trend","p04_sym_none_trend",4,"sym",3,0.673549232902318,0,0.673549232902318,"shaikh_window",1947,2011
1772640348,"SR_none__LR_trend","p04_sym_none_trend",4,"sym",4,0.413536507102615,0.480635354048291,0.634052668370505,"shaikh_window",1947,2011
1772640348,"SR_none__LR_trend","p04_sym_none_trend",4,"sym",5,0.413536507102615,-0.480635354048291,0.634052668370505,"shaikh_window",1947,2011
1772640348,"SR_none__LR_trend","p04_sym_none_trend",4,"sym",6,0.0291826662433818,0.619706046756465,0.62039278880045,"shaikh_window",1947,2011
1772640348,"SR_none__LR_trend","p04_sym_none_trend",4,"sym",7,0.0291826662433818,-0.619706046756465,0.62039278880045,"shaikh_window",1947,2011
1772640348,"SR_none__LR_trend","p04_sym_none_trend",4,"sym",8,-0.435717433984585,0.35719571496708,0.563416773861903,"shaikh_window",1947,2011
1772640348,"SR_none__LR_trend","p04_sym_none_trend",4,"sym",9,-0.435717433984585,-0.35719571496708,0.563416773861903,"shaikh_window",1947,2011
1772640348,"SR_none__LR_trend","p04_sym_none_trend",4,"sym",10,-0.447736545699345,0,0.447736545699345,"shaikh_window",1947,2011
1772640348,"SR_none__LR_trend","p04_Y_only_none_trend",4,"Y_only",1,1.00134306224812,0,1.00134306224812,"shaikh_window",1947,2011
1772640348,"SR_none__LR_trend","p04_Y_only_none_trend",4,"Y_only",2,0.999999999999989,0,0.999999999999989,"shaikh_window",1947,2011
1772640348,"SR_none__LR_trend","p04_Y_only_none_trend",4,"Y_only",3,0.33586096095573,0.585844800633913,0.67529009730922,"shaikh_window",1947,2011
1772640348,"SR_none__LR_trend","p04_Y_only_none_trend",4,"Y_only",4,0.33586096095573,-0.585844800633913,0.67529009730922,"shaikh_window",1947,2011
1772640348,"SR_none__LR_trend","p04_Y_only_none_trend",4,"Y_only",5,-0.349586377270034,0.313555655065373,0.469603858583234,"shaikh_window",1947,2011
1772640348,"SR_none__LR_trend","p04_Y_only_none_trend",4,"Y_only",6,-0.349586377270034,-0.313555655065373,0.469603858583234,"shaikh_window",1947,2011
1772640348,"SR_none__LR_trend","p04_Y_only_none_trend",4,"Y_only",7,0,0,0,"shaikh_window",1947,2011
1772640348,"SR_none__LR_trend","p04_Y_only_none_trend",4,"Y_only",8,0,0,0,"shaikh_window",1947,2011
1772640348,"SR_none__LR_trend","p04_Y_only_none_trend",4,"Y_only",9,0,0,0,"shaikh_window",1947,2011
1772640348,"SR_none__LR_trend","p04_Y_only_none_trend",4,"Y_only",10,0,0,0,"shaikh_window",1947,2011
1772640348,"SR_none__LR_trend","p04_K_only_none_trend",4,"K_only",1,1.00073515815412,0,1.00073515815412,"shaikh_window",1947,2011
1772640348,"SR_none__LR_trend","p04_K_only_none_trend",4,"K_only",2,0.999999999999996,0,0.999999999999996,"shaikh_window",1947,2011
1772640348,"SR_none__LR_trend","p04_K_only_none_trend",4,"K_only",3,0.474589574083225,0.310991267274999,0.567407113235116,"shaikh_window",1947,2011
1772640348,"SR_none__LR_trend","p04_K_only_none_trend",4,"K_only",4,0.474589574083225,-0.310991267274999,0.567407113235116,"shaikh_window",1947,2011
1772640348,"SR_none__LR_trend","p04_K_only_none_trend",4,"K_only",5,-0.305283912433178,0.314917965394951,0.438601860596833,"shaikh_window",1947,2011
1772640348,"SR_none__LR_trend","p04_K_only_none_trend",4,"K_only",6,-0.305283912433178,-0.314917965394951,0.438601860596833,"shaikh_window",1947,2011
1772640348,"SR_none__LR_trend","p04_K_only_none_trend",4,"K_only",7,0,0,0,"shaikh_window",1947,2011
1772640348,"SR_none__LR_trend","p04_K_only_none_trend",4,"K_only",8,0,0,0,"shaikh_window",1947,2011
1772640348,"SR_none__LR_trend","p04_K_only_none_trend",4,"K_only",9,0,0,0,"shaikh_window",1947,2011
1772640348,"SR_none__LR_trend","p04_K_only_none_trend",4,"K_only",10,0,0,0,"shaikh_window",1947,2011
1772640348,"SR_none__LR_trend","p04_Y_short_none_trend",4,"Y_short",1,1.00156031019148,0,1.00156031019148,"shaikh_window",1947,2011
1772640348,"SR_none__LR_trend","p04_Y_short_none_trend",4,"Y_short",2,1.00000000000002,0,1.00000000000002,"shaikh_window",1947,2011
1772640348,"SR_none__LR_trend","p04_Y_short_none_trend",4,"Y_short",3,0.506392177363601,0.309263201898857,0.593360569421142,"shaikh_window",1947,2011
1772640348,"SR_none__LR_trend","p04_Y_short_none_trend",4,"Y_short",4,0.506392177363601,-0.309263201898857,0.593360569421142,"shaikh_window",1947,2011
1772640348,"SR_none__LR_trend","p04_Y_short_none_trend",4,"Y_short",5,-0.206304335926168,0.398156424055315,0.44843061563463,"shaikh_window",1947,2011
1772640348,"SR_none__LR_trend","p04_Y_short_none_trend",4,"Y_short",6,-0.206304335926168,-0.398156424055315,0.44843061563463,"shaikh_window",1947,2011
1772640348,"SR_none__LR_trend","p04_Y_short_none_trend",4,"Y_short",7,-0.328972606919568,0,0.328972606919568,"shaikh_window",1947,2011
1772640348,"SR_none__LR_trend","p04_Y_short_none_trend",4,"Y_short",8,0,0,0,"shaikh_window",1947,2011
1772640348,"SR_none__LR_trend","p04_Y_short_none_trend",4,"Y_short",9,0,0,0,"shaikh_window",1947,2011
1772640348,"SR_none__LR_trend","p04_Y_short_none_trend",4,"Y_short",10,0,0,0,"shaikh_window",1947,2011
1772640348,"SR_none__LR_trend","p04_K_short_none_trend",4,"K_short",1,1.00092041815148,0,1.00092041815148,"shaikh_window",1947,2011
1772640348,"SR_none__LR_trend","p04_K_short_none_trend",4,"K_short",2,0.999999999999996,0,0.999999999999996,"shaikh_window",1947,2011
1772640348,"SR_none__LR_trend","p04_K_short_none_trend",4,"K_short",3,0.322803967923096,0.589695659666003,0.672267337251943,"shaikh_window",1947,2011
1772640348,"SR_none__LR_trend","p04_K_short_none_trend",4,"K_short",4,0.322803967923096,-0.589695659666003,0.672267337251943,"shaikh_window",1947,2011
1772640348,"SR_none__LR_trend","p04_K_short_none_trend",4,"K_short",5,-0.350178326312302,0.329727383813914,0.480983375862049,"shaikh_window",1947,2011
1772640348,"SR_none__LR_trend","p04_K_short_none_trend",4,"K_short",6,-0.350178326312302,-0.329727383813914,0.480983375862049,"shaikh_window",1947,2011
1772640348,"SR_none__LR_trend","p04_K_short_none_trend",4,"K_short",7,0.431209133884395,0,0.431209133884395,"shaikh_window",1947,2011
1772640348,"SR_none__LR_trend","p04_K_short_none_trend",4,"K_short",8,0,0,0,"shaikh_window",1947,2011
1772640348,"SR_none__LR_trend","p04_K_short_none_trend",4,"K_short",9,0,0,0,"shaikh_window",1947,2011
1772640348,"SR_none__LR_trend","p04_K_short_none_trend",4,"K_short",10,0,0,0,"shaikh_window",1947,2011
1772640348,"SR_none__LR_trend","p05_sym_none_trend",5,"sym",1,1.00195481213792,0,1.00195481213792,"shaikh_window",1947,2011
1772640348,"SR_none__LR_trend","p05_sym_none_trend",5,"sym",2,1.00000000000003,0,1.00000000000003,"shaikh_window",1947,2011
1772640348,"SR_none__LR_trend","p05_sym_none_trend",5,"sym",3,-0.0606698181802284,0.697127135801723,0.699762152669846,"shaikh_window",1947,2011
1772640348,"SR_none__LR_trend","p05_sym_none_trend",5,"sym",4,-0.0606698181802284,-0.697127135801723,0.699762152669846,"shaikh_window",1947,2011
1772640348,"SR_none__LR_trend","p05_sym_none_trend",5,"sym",5,0.422139032573693,0.520833197737842,0.670424181163,"shaikh_window",1947,2011
1772640348,"SR_none__LR_trend","p05_sym_none_trend",5,"sym",6,0.422139032573693,-0.520833197737842,0.670424181163,"shaikh_window",1947,2011
1772640348,"SR_none__LR_trend","p05_sym_none_trend",5,"sym",7,-0.532013469003728,0.388983650916309,0.659049779517117,"shaikh_window",1947,2011
1772640348,"SR_none__LR_trend","p05_sym_none_trend",5,"sym",8,-0.532013469003728,-0.388983650916309,0.659049779517117,"shaikh_window",1947,2011
1772640348,"SR_none__LR_trend","p05_sym_none_trend",5,"sym",9,-0.653694435727694,0,0.653694435727694,"shaikh_window",1947,2011
1772640348,"SR_none__LR_trend","p05_sym_none_trend",5,"sym",10,0.625362419480654,0,0.625362419480654,"shaikh_window",1947,2011
1772640348,"SR_none__LR_trend","p05_sym_none_trend",5,"sym",11,0.300226463537633,0.213530565077591,0.368417197794388,"shaikh_window",1947,2011
1772640348,"SR_none__LR_trend","p05_sym_none_trend",5,"sym",12,0.300226463537633,-0.213530565077591,0.368417197794388,"shaikh_window",1947,2011
1772640348,"SR_none__LR_trend","p05_Y_only_none_trend",5,"Y_only",1,1.00175212255724,0,1.00175212255724,"shaikh_window",1947,2011
1772640348,"SR_none__LR_trend","p05_Y_only_none_trend",5,"Y_only",2,0.999999999999985,0,0.999999999999985,"shaikh_window",1947,2011
1772640348,"SR_none__LR_trend","p05_Y_only_none_trend",5,"Y_only",3,0.388306471644371,0.561691993712157,0.682846843531724,"shaikh_window",1947,2011
1772640348,"SR_none__LR_trend","p05_Y_only_none_trend",5,"Y_only",4,0.388306471644371,-0.561691993712157,0.682846843531724,"shaikh_window",1947,2011
1772640348,"SR_none__LR_trend","p05_Y_only_none_trend",5,"Y_only",5,-0.459946796907154,0,0.459946796907154,"shaikh_window",1947,2011
1772640348,"SR_none__LR_trend","p05_Y_only_none_trend",5,"Y_only",6,-0.170634975052259,0.40452817216061,0.439043661590381,"shaikh_window",1947,2011
1772640348,"SR_none__LR_trend","p05_Y_only_none_trend",5,"Y_only",7,-0.170634975052259,-0.40452817216061,0.439043661590381,"shaikh_window",1947,2011
1772640348,"SR_none__LR_trend","p05_Y_only_none_trend",5,"Y_only",8,0,0,0,"shaikh_window",1947,2011
1772640348,"SR_none__LR_trend","p05_Y_only_none_trend",5,"Y_only",9,0,0,0,"shaikh_window",1947,2011
1772640348,"SR_none__LR_trend","p05_Y_only_none_trend",5,"Y_only",10,0,0,0,"shaikh_window",1947,2011
1772640348,"SR_none__LR_trend","p05_Y_only_none_trend",5,"Y_only",11,0,0,0,"shaikh_window",1947,2011
1772640348,"SR_none__LR_trend","p05_Y_only_none_trend",5,"Y_only",12,0,0,0,"shaikh_window",1947,2011
1772640348,"SR_none__LR_trend","p05_K_only_none_trend",5,"K_only",1,1.00136721247414,0,1.00136721247414,"shaikh_window",1947,2011
1772640348,"SR_none__LR_trend","p05_K_only_none_trend",5,"K_only",2,0.999999999999954,0,0.999999999999954,"shaikh_window",1947,2011
1772640348,"SR_none__LR_trend","p05_K_only_none_trend",5,"K_only",3,0.633937920474391,0,0.633937920474391,"shaikh_window",1947,2011
1772640348,"SR_none__LR_trend","p05_K_only_none_trend",5,"K_only",4,-0.485743275136647,0.400231923803276,0.629390278103934,"shaikh_window",1947,2011
1772640348,"SR_none__LR_trend","p05_K_only_none_trend",5,"K_only",5,-0.485743275136647,-0.400231923803276,0.629390278103934,"shaikh_window",1947,2011
1772640348,"SR_none__LR_trend","p05_K_only_none_trend",5,"K_only",6,0.340119119993646,0.512674244388221,0.615236455880408,"shaikh_window",1947,2011
1772640348,"SR_none__LR_trend","p05_K_only_none_trend",5,"K_only",7,0.340119119993646,-0.512674244388221,0.615236455880408,"shaikh_window",1947,2011
1772640348,"SR_none__LR_trend","p05_K_only_none_trend",5,"K_only",8,0,0,0,"shaikh_window",1947,2011
1772640348,"SR_none__LR_trend","p05_K_only_none_trend",5,"K_only",9,0,0,0,"shaikh_window",1947,2011
1772640348,"SR_none__LR_trend","p05_K_only_none_trend",5,"K_only",10,0,0,0,"shaikh_window",1947,2011
1772640348,"SR_none__LR_trend","p05_K_only_none_trend",5,"K_only",11,0,0,0,"shaikh_window",1947,2011
1772640348,"SR_none__LR_trend","p05_K_only_none_trend",5,"K_only",12,0,0,0,"shaikh_window",1947,2011
1772640348,"SR_none__LR_trend","p05_Y_short_none_trend",5,"Y_short",1,1.00181249700642,0,1.00181249700642,"shaikh_window",1947,2011
1772640348,"SR_none__LR_trend","p05_Y_short_none_trend",5,"Y_short",2,1,0,1,"shaikh_window",1947,2011
1772640348,"SR_none__LR_trend","p05_Y_short_none_trend",5,"Y_short",3,0.672457720522044,0,0.672457720522044,"shaikh_window",1947,2011
1772640348,"SR_none__LR_trend","p05_Y_short_none_trend",5,"Y_short",4,0.348494467891818,0.524927262750034,0.630076999524221,"shaikh_window",1947,2011
1772640348,"SR_none__LR_trend","p05_Y_short_none_trend",5,"Y_short",5,0.348494467891818,-0.524927262750034,0.630076999524221,"shaikh_window",1947,2011
1772640348,"SR_none__LR_trend","p05_Y_short_none_trend",5,"Y_short",6,-0.47213292182511,0.413595477106182,0.627670864827902,"shaikh_window",1947,2011
1772640348,"SR_none__LR_trend","p05_Y_short_none_trend",5,"Y_short",7,-0.47213292182511,-0.413595477106182,0.627670864827902,"shaikh_window",1947,2011
1772640348,"SR_none__LR_trend","p05_Y_short_none_trend",5,"Y_short",8,-0.149018722974258,0,0.149018722974258,"shaikh_window",1947,2011
1772640348,"SR_none__LR_trend","p05_Y_short_none_trend",5,"Y_short",9,0,0,0,"shaikh_window",1947,2011
1772640348,"SR_none__LR_trend","p05_Y_short_none_trend",5,"Y_short",10,0,0,0,"shaikh_window",1947,2011
1772640348,"SR_none__LR_trend","p05_Y_short_none_trend",5,"Y_short",11,0,0,0,"shaikh_window",1947,2011
1772640348,"SR_none__LR_trend","p05_Y_short_none_trend",5,"Y_short",12,0,0,0,"shaikh_window",1947,2011
1772640348,"SR_none__LR_trend","p05_K_short_none_trend",5,"K_short",1,1.00174203175878,0,1.00174203175878,"shaikh_window",1947,2011
1772640348,"SR_none__LR_trend","p05_K_short_none_trend",5,"K_short",2,1.00000000000004,0,1.00000000000004,"shaikh_window",1947,2011
1772640348,"SR_none__LR_trend","p05_K_short_none_trend",5,"K_short",3,0.43746824849313,0.408583135070954,0.598597232456062,"shaikh_window",1947,2011
1772640348,"SR_none__LR_trend","p05_K_short_none_trend",5,"K_short",4,0.43746824849313,-0.408583135070954,0.598597232456062,"shaikh_window",1947,2011
1772640348,"SR_none__LR_trend","p05_K_short_none_trend",5,"K_short",5,0.153217758237253,0.517512762467757,0.539717649105769,"shaikh_window",1947,2011
1772640348,"SR_none__LR_trend","p05_K_short_none_trend",5,"K_short",6,0.153217758237253,-0.517512762467757,0.539717649105769,"shaikh_window",1947,2011
1772640348,"SR_none__LR_trend","p05_K_short_none_trend",5,"K_short",7,-0.400802044862601,0.230657264228441,0.462433836032131,"shaikh_window",1947,2011
1772640348,"SR_none__LR_trend","p05_K_short_none_trend",5,"K_short",8,-0.400802044862601,-0.230657264228441,0.462433836032131,"shaikh_window",1947,2011
1772640348,"SR_none__LR_trend","p05_K_short_none_trend",5,"K_short",9,0,0,0,"shaikh_window",1947,2011
1772640348,"SR_none__LR_trend","p05_K_short_none_trend",5,"K_short",10,0,0,0,"shaikh_window",1947,2011
1772640348,"SR_none__LR_trend","p05_K_short_none_trend",5,"K_short",11,0,0,0,"shaikh_window",1947,2011
1772640348,"SR_none__LR_trend","p05_K_short_none_trend",5,"K_short",12,0,0,0,"shaikh_window",1947,2011
1772640348,"SR_none__LR_trend","p06_sym_none_trend",6,"sym",1,1.00467706603141,0,1.00467706603141,"shaikh_window",1947,2011
1772640348,"SR_none__LR_trend","p06_sym_none_trend",6,"sym",2,1.00000000000002,0,1.00000000000002,"shaikh_window",1947,2011
1772640348,"SR_none__LR_trend","p06_sym_none_trend",6,"sym",3,0.815205856494765,0.24698963653507,0.851800721424377,"shaikh_window",1947,2011
1772640348,"SR_none__LR_trend","p06_sym_none_trend",6,"sym",4,0.815205856494765,-0.24698963653507,0.851800721424377,"shaikh_window",1947,2011
1772640348,"SR_none__LR_trend","p06_sym_none_trend",6,"sym",5,-0.81117595769092,0,0.81117595769092,"shaikh_window",1947,2011
1772640348,"SR_none__LR_trend","p06_sym_none_trend",6,"sym",6,0.417145929007772,0.680463128161512,0.798148353926203,"shaikh_window",1947,2011
1772640348,"SR_none__LR_trend","p06_sym_none_trend",6,"sym",7,0.417145929007772,-0.680463128161512,0.798148353926203,"shaikh_window",1947,2011
1772640348,"SR_none__LR_trend","p06_sym_none_trend",6,"sym",8,-0.346125241330202,0.697406224224573,0.778574417941577,"shaikh_window",1947,2011
1772640348,"SR_none__LR_trend","p06_sym_none_trend",6,"sym",9,-0.346125241330202,-0.697406224224573,0.778574417941577,"shaikh_window",1947,2011
1772640348,"SR_none__LR_trend","p06_sym_none_trend",6,"sym",10,0.258732601348753,0.644236335518947,0.694249965792994,"shaikh_window",1947,2011
1772640348,"SR_none__LR_trend","p06_sym_none_trend",6,"sym",11,0.258732601348753,-0.644236335518947,0.694249965792994,"shaikh_window",1947,2011
1772640348,"SR_none__LR_trend","p06_sym_none_trend",6,"sym",12,-0.331075325723157,0.50668278988137,0.605258887472677,"shaikh_window",1947,2011
1772640348,"SR_none__LR_trend","p06_sym_none_trend",6,"sym",13,-0.331075325723157,-0.50668278988137,0.605258887472677,"shaikh_window",1947,2011
1772640348,"SR_none__LR_trend","p06_sym_none_trend",6,"sym",14,-0.601175635431636,0,0.601175635431636,"shaikh_window",1947,2011
1772640348,"SR_none__LR_trend","p06_Y_only_none_trend",6,"Y_only",1,1.01908978479774,0,1.01908978479774,"shaikh_window",1947,2011
1772640348,"SR_none__LR_trend","p06_Y_only_none_trend",6,"Y_only",2,1,0,1,"shaikh_window",1947,2011
1772640348,"SR_none__LR_trend","p06_Y_only_none_trend",6,"Y_only",3,0.106949629108017,0.688500233771606,0.696757343032636,"shaikh_window",1947,2011
1772640348,"SR_none__LR_trend","p06_Y_only_none_trend",6,"Y_only",4,0.106949629108017,-0.688500233771606,0.696757343032636,"shaikh_window",1947,2011
1772640348,"SR_none__LR_trend","p06_Y_only_none_trend",6,"Y_only",5,-0.554575982257886,0.302069363813134,0.631506469208172,"shaikh_window",1947,2011
1772640348,"SR_none__LR_trend","p06_Y_only_none_trend",6,"Y_only",6,-0.554575982257886,-0.302069363813134,0.631506469208172,"shaikh_window",1947,2011
1772640348,"SR_none__LR_trend","p06_Y_only_none_trend",6,"Y_only",7,0.484223614624057,0.330031522404555,0.585997708818265,"shaikh_window",1947,2011
1772640348,"SR_none__LR_trend","p06_Y_only_none_trend",6,"Y_only",8,0.484223614624057,-0.330031522404555,0.585997708818265,"shaikh_window",1947,2011
1772640348,"SR_none__LR_trend","p06_Y_only_none_trend",6,"Y_only",9,0,0,0,"shaikh_window",1947,2011
1772640348,"SR_none__LR_trend","p06_Y_only_none_trend",6,"Y_only",10,0,0,0,"shaikh_window",1947,2011
1772640348,"SR_none__LR_trend","p06_Y_only_none_trend",6,"Y_only",11,0,0,0,"shaikh_window",1947,2011
1772640348,"SR_none__LR_trend","p06_Y_only_none_trend",6,"Y_only",12,0,0,0,"shaikh_window",1947,2011
1772640348,"SR_none__LR_trend","p06_Y_only_none_trend",6,"Y_only",13,0,0,0,"shaikh_window",1947,2011
1772640348,"SR_none__LR_trend","p06_Y_only_none_trend",6,"Y_only",14,0,0,0,"shaikh_window",1947,2011
1772640348,"SR_none__LR_trend","p06_K_only_none_trend",6,"K_only",1,1,0,1,"shaikh_window",1947,2011
1772640348,"SR_none__LR_trend","p06_K_only_none_trend",6,"K_only",2,0.971712029409792,0,0.971712029409792,"shaikh_window",1947,2011
1772640348,"SR_none__LR_trend","p06_K_only_none_trend",6,"K_only",3,0.885001372311876,0,0.885001372311876,"shaikh_window",1947,2011
1772640348,"SR_none__LR_trend","p06_K_only_none_trend",6,"K_only",4,0.449103800948099,0.667502827759349,0.804521130296002,"shaikh_window",1947,2011
1772640348,"SR_none__LR_trend","p06_K_only_none_trend",6,"K_only",5,0.449103800948099,-0.667502827759349,0.804521130296002,"shaikh_window",1947,2011
1772640348,"SR_none__LR_trend","p06_K_only_none_trend",6,"K_only",6,-0.397886200287981,0.590964944935745,0.7124275363309,"shaikh_window",1947,2011
1772640348,"SR_none__LR_trend","p06_K_only_none_trend",6,"K_only",7,-0.397886200287981,-0.590964944935745,0.7124275363309,"shaikh_window",1947,2011
1772640348,"SR_none__LR_trend","p06_K_only_none_trend",6,"K_only",8,-0.646901864051483,0,0.646901864051483,"shaikh_window",1947,2011
1772640348,"SR_none__LR_trend","p06_K_only_none_trend",6,"K_only",9,0,0,0,"shaikh_window",1947,2011
1772640348,"SR_none__LR_trend","p06_K_only_none_trend",6,"K_only",10,0,0,0,"shaikh_window",1947,2011
1772640348,"SR_none__LR_trend","p06_K_only_none_trend",6,"K_only",11,0,0,0,"shaikh_window",1947,2011
1772640348,"SR_none__LR_trend","p06_K_only_none_trend",6,"K_only",12,0,0,0,"shaikh_window",1947,2011
1772640348,"SR_none__LR_trend","p06_K_only_none_trend",6,"K_only",13,0,0,0,"shaikh_window",1947,2011
1772640348,"SR_none__LR_trend","p06_K_only_none_trend",6,"K_only",14,0,0,0,"shaikh_window",1947,2011
1772640348,"SR_none__LR_trend","p06_Y_short_none_trend",6,"Y_short",1,0.999999999999993,0,0.999999999999993,"shaikh_window",1947,2011
1772640348,"SR_none__LR_trend","p06_Y_short_none_trend",6,"Y_short",2,0.996320348049956,0,0.996320348049956,"shaikh_window",1947,2011
1772640348,"SR_none__LR_trend","p06_Y_short_none_trend",6,"Y_short",3,-0.464706505415156,0.63083873610229,0.78352386507515,"shaikh_window",1947,2011
1772640348,"SR_none__LR_trend","p06_Y_short_none_trend",6,"Y_short",4,-0.464706505415156,-0.63083873610229,0.78352386507515,"shaikh_window",1947,2011
1772640348,"SR_none__LR_trend","p06_Y_short_none_trend",6,"Y_short",5,0.379765739323018,0.684805298039236,0.783058307526435,"shaikh_window",1947,2011
1772640348,"SR_none__LR_trend","p06_Y_short_none_trend",6,"Y_short",6,0.379765739323018,-0.684805298039236,0.783058307526435,"shaikh_window",1947,2011
1772640348,"SR_none__LR_trend","p06_Y_short_none_trend",6,"Y_short",7,-0.740360634484081,0,0.740360634484081,"shaikh_window",1947,2011
1772640348,"SR_none__LR_trend","p06_Y_short_none_trend",6,"Y_short",8,0.679728518667544,0,0.679728518667544,"shaikh_window",1947,2011
1772640348,"SR_none__LR_trend","p06_Y_short_none_trend",6,"Y_short",9,0.539297470875891,0,0.539297470875891,"shaikh_window",1947,2011
1772640348,"SR_none__LR_trend","p06_Y_short_none_trend",6,"Y_short",10,0,0,0,"shaikh_window",1947,2011
1772640348,"SR_none__LR_trend","p06_Y_short_none_trend",6,"Y_short",11,0,0,0,"shaikh_window",1947,2011
1772640348,"SR_none__LR_trend","p06_Y_short_none_trend",6,"Y_short",12,0,0,0,"shaikh_window",1947,2011
1772640348,"SR_none__LR_trend","p06_Y_short_none_trend",6,"Y_short",13,0,0,0,"shaikh_window",1947,2011
1772640348,"SR_none__LR_trend","p06_Y_short_none_trend",6,"Y_short",14,0,0,0,"shaikh_window",1947,2011
1772640348,"SR_none__LR_trend","p06_K_short_none_trend",6,"K_short",1,1.01722178754785,0,1.01722178754785,"shaikh_window",1947,2011
1772640348,"SR_none__LR_trend","p06_K_short_none_trend",6,"K_short",2,0.999999999999994,0,0.999999999999994,"shaikh_window",1947,2011
1772640348,"SR_none__LR_trend","p06_K_short_none_trend",6,"K_short",3,0.663998922620411,0.365605449994996,0.757998624211885,"shaikh_window",1947,2011
1772640348,"SR_none__LR_trend","p06_K_short_none_trend",6,"K_short",4,0.663998922620411,-0.365605449994996,0.757998624211885,"shaikh_window",1947,2011
1772640348,"SR_none__LR_trend","p06_K_short_none_trend",6,"K_short",5,0.168608731079445,0.73455539942516,0.753658104859808,"shaikh_window",1947,2011
1772640348,"SR_none__LR_trend","p06_K_short_none_trend",6,"K_short",6,0.168608731079445,-0.73455539942516,0.753658104859808,"shaikh_window",1947,2011
1772640348,"SR_none__LR_trend","p06_K_short_none_trend",6,"K_short",7,-0.459728492230999,0.313282479886858,0.55632382545874,"shaikh_window",1947,2011
1772640348,"SR_none__LR_trend","p06_K_short_none_trend",6,"K_short",8,-0.459728492230999,-0.313282479886858,0.55632382545874,"shaikh_window",1947,2011
1772640348,"SR_none__LR_trend","p06_K_short_none_trend",6,"K_short",9,-0.270687136901487,0,0.270687136901487,"shaikh_window",1947,2011
1772640348,"SR_none__LR_trend","p06_K_short_none_trend",6,"K_short",10,0,0,0,"shaikh_window",1947,2011
1772640348,"SR_none__LR_trend","p06_K_short_none_trend",6,"K_short",11,0,0,0,"shaikh_window",1947,2011
1772640348,"SR_none__LR_trend","p06_K_short_none_trend",6,"K_short",12,0,0,0,"shaikh_window",1947,2011
1772640348,"SR_none__LR_trend","p06_K_short_none_trend",6,"K_short",13,0,0,0,"shaikh_window",1947,2011
1772640348,"SR_none__LR_trend","p06_K_short_none_trend",6,"K_short",14,0,0,0,"shaikh_window",1947,2011
1772640348,"SR_none__LR_trend","p07_sym_none_trend",7,"sym",1,1.00000000000001,0,1.00000000000001,"shaikh_window",1947,2011
1772640348,"SR_none__LR_trend","p07_sym_none_trend",7,"sym",2,0.977658623374845,0,0.977658623374845,"shaikh_window",1947,2011
1772640348,"SR_none__LR_trend","p07_sym_none_trend",7,"sym",3,0.925258721767539,0.216454036917512,0.95023999721375,"shaikh_window",1947,2011
1772640348,"SR_none__LR_trend","p07_sym_none_trend",7,"sym",4,0.925258721767539,-0.216454036917512,0.95023999721375,"shaikh_window",1947,2011
1772640348,"SR_none__LR_trend","p07_sym_none_trend",7,"sym",5,0.536560482221611,0.679400503422029,0.865726397386607,"shaikh_window",1947,2011
1772640348,"SR_none__LR_trend","p07_sym_none_trend",7,"sym",6,0.536560482221611,-0.679400503422029,0.865726397386607,"shaikh_window",1947,2011
1772640348,"SR_none__LR_trend","p07_sym_none_trend",7,"sym",7,-0.372351282323201,0.781252555327685,0.865448457537345,"shaikh_window",1947,2011
1772640348,"SR_none__LR_trend","p07_sym_none_trend",7,"sym",8,-0.372351282323201,-0.781252555327685,0.865448457537345,"shaikh_window",1947,2011
1772640348,"SR_none__LR_trend","p07_sym_none_trend",7,"sym",9,-0.783902407406065,0.130486457680124,0.794688429496071,"shaikh_window",1947,2011
1772640348,"SR_none__LR_trend","p07_sym_none_trend",7,"sym",10,-0.783902407406065,-0.130486457680124,0.794688429496071,"shaikh_window",1947,2011
1772640348,"SR_none__LR_trend","p07_sym_none_trend",7,"sym",11,0.0283672016616039,0.793579680481405,0.794086523877013,"shaikh_window",1947,2011
1772640348,"SR_none__LR_trend","p07_sym_none_trend",7,"sym",12,0.0283672016616039,-0.793579680481405,0.794086523877013,"shaikh_window",1947,2011
1772640348,"SR_none__LR_trend","p07_sym_none_trend",7,"sym",13,-0.558957655830371,0.477155358014101,0.734922374603569,"shaikh_window",1947,2011
1772640348,"SR_none__LR_trend","p07_sym_none_trend",7,"sym",14,-0.558957655830371,-0.477155358014101,0.734922374603569,"shaikh_window",1947,2011
1772640348,"SR_none__LR_trend","p07_sym_none_trend",7,"sym",15,0.366710531653683,0.617005013880701,0.717754694293009,"shaikh_window",1947,2011
1772640348,"SR_none__LR_trend","p07_sym_none_trend",7,"sym",16,0.366710531653683,-0.617005013880701,0.717754694293009,"shaikh_window",1947,2011
1772640348,"SR_none__LR_trend","p07_Y_only_none_trend",7,"Y_only",1,1.0167958962643,0,1.0167958962643,"shaikh_window",1947,2011
1772640348,"SR_none__LR_trend","p07_Y_only_none_trend",7,"Y_only",2,1,0,1,"shaikh_window",1947,2011
1772640348,"SR_none__LR_trend","p07_Y_only_none_trend",7,"Y_only",3,0.898597485850613,0,0.898597485850613,"shaikh_window",1947,2011
1772640348,"SR_none__LR_trend","p07_Y_only_none_trend",7,"Y_only",4,0.405533963665617,0.657559736365675,0.77255588961294,"shaikh_window",1947,2011
1772640348,"SR_none__LR_trend","p07_Y_only_none_trend",7,"Y_only",5,0.405533963665617,-0.657559736365675,0.77255588961294,"shaikh_window",1947,2011
1772640348,"SR_none__LR_trend","p07_Y_only_none_trend",7,"Y_only",6,-0.106668068596401,0.764893305109661,0.772295180005461,"shaikh_window",1947,2011
1772640348,"SR_none__LR_trend","p07_Y_only_none_trend",7,"Y_only",7,-0.106668068596401,-0.764893305109661,0.772295180005461,"shaikh_window",1947,2011
1772640348,"SR_none__LR_trend","p07_Y_only_none_trend",7,"Y_only",8,-0.659289737841526,0.266591324247319,0.711149697733949,"shaikh_window",1947,2011
1772640348,"SR_none__LR_trend","p07_Y_only_none_trend",7,"Y_only",9,-0.659289737841526,-0.266591324247319,0.711149697733949,"shaikh_window",1947,2011
1772640348,"SR_none__LR_trend","p07_Y_only_none_trend",7,"Y_only",10,0,0,0,"shaikh_window",1947,2011
1772640348,"SR_none__LR_trend","p07_Y_only_none_trend",7,"Y_only",11,0,0,0,"shaikh_window",1947,2011
1772640348,"SR_none__LR_trend","p07_Y_only_none_trend",7,"Y_only",12,0,0,0,"shaikh_window",1947,2011
1772640348,"SR_none__LR_trend","p07_Y_only_none_trend",7,"Y_only",13,0,0,0,"shaikh_window",1947,2011
1772640348,"SR_none__LR_trend","p07_Y_only_none_trend",7,"Y_only",14,0,0,0,"shaikh_window",1947,2011
1772640348,"SR_none__LR_trend","p07_Y_only_none_trend",7,"Y_only",15,0,0,0,"shaikh_window",1947,2011
1772640348,"SR_none__LR_trend","p07_Y_only_none_trend",7,"Y_only",16,0,0,0,"shaikh_window",1947,2011
1772640348,"SR_none__LR_trend","p07_K_only_none_trend",7,"K_only",1,0.999999999999997,0,0.999999999999997,"shaikh_window",1947,2011
1772640348,"SR_none__LR_trend","p07_K_only_none_trend",7,"K_only",2,0.927471470761916,0.092206479779594,0.932043649187427,"shaikh_window",1947,2011
1772640348,"SR_none__LR_trend","p07_K_only_none_trend",7,"K_only",3,0.927471470761916,-0.092206479779594,0.932043649187427,"shaikh_window",1947,2011
1772640348,"SR_none__LR_trend","p07_K_only_none_trend",7,"K_only",4,0.489671591652483,0.712182326222992,0.864281165741721,"shaikh_window",1947,2011
1772640348,"SR_none__LR_trend","p07_K_only_none_trend",7,"K_only",5,0.489671591652483,-0.712182326222992,0.864281165741721,"shaikh_window",1947,2011
1772640348,"SR_none__LR_trend","p07_K_only_none_trend",7,"K_only",6,-0.270802191916759,0.651913143080007,0.70592108147255,"shaikh_window",1947,2011
1772640348,"SR_none__LR_trend","p07_K_only_none_trend",7,"K_only",7,-0.270802191916759,-0.651913143080007,0.70592108147255,"shaikh_window",1947,2011
1772640348,"SR_none__LR_trend","p07_K_only_none_trend",7,"K_only",8,-0.572329659218094,0.190598177515805,0.603232048297375,"shaikh_window",1947,2011
1772640348,"SR_none__LR_trend","p07_K_only_none_trend",7,"K_only",9,-0.572329659218094,-0.190598177515805,0.603232048297375,"shaikh_window",1947,2011
1772640348,"SR_none__LR_trend","p07_K_only_none_trend",7,"K_only",10,0,0,0,"shaikh_window",1947,2011
1772640348,"SR_none__LR_trend","p07_K_only_none_trend",7,"K_only",11,0,0,0,"shaikh_window",1947,2011
1772640348,"SR_none__LR_trend","p07_K_only_none_trend",7,"K_only",12,0,0,0,"shaikh_window",1947,2011
1772640348,"SR_none__LR_trend","p07_K_only_none_trend",7,"K_only",13,0,0,0,"shaikh_window",1947,2011
1772640348,"SR_none__LR_trend","p07_K_only_none_trend",7,"K_only",14,0,0,0,"shaikh_window",1947,2011
1772640348,"SR_none__LR_trend","p07_K_only_none_trend",7,"K_only",15,0,0,0,"shaikh_window",1947,2011
1772640348,"SR_none__LR_trend","p07_K_only_none_trend",7,"K_only",16,0,0,0,"shaikh_window",1947,2011
1772640348,"SR_none__LR_trend","p07_Y_short_none_trend",7,"Y_short",1,1,0,1,"shaikh_window",1947,2011
1772640348,"SR_none__LR_trend","p07_Y_short_none_trend",7,"Y_short",2,0.923416451171176,0.0756519828602315,0.926510207609313,"shaikh_window",1947,2011
1772640348,"SR_none__LR_trend","p07_Y_short_none_trend",7,"Y_short",3,0.923416451171176,-0.0756519828602315,0.926510207609313,"shaikh_window",1947,2011
1772640348,"SR_none__LR_trend","p07_Y_short_none_trend",7,"Y_short",4,0.495814148724919,0.677501723295292,0.839547649120589,"shaikh_window",1947,2011
1772640348,"SR_none__LR_trend","p07_Y_short_none_trend",7,"Y_short",5,0.495814148724919,-0.677501723295292,0.839547649120589,"shaikh_window",1947,2011
1772640348,"SR_none__LR_trend","p07_Y_short_none_trend",7,"Y_short",6,-0.666179994032328,0,0.666179994032328,"shaikh_window",1947,2011
1772640348,"SR_none__LR_trend","p07_Y_short_none_trend",7,"Y_short",7,-0.399823902374772,0.518757252785599,0.654956670496494,"shaikh_window",1947,2011
1772640348,"SR_none__LR_trend","p07_Y_short_none_trend",7,"Y_short",8,-0.399823902374772,-0.518757252785599,0.654956670496494,"shaikh_window",1947,2011
1772640348,"SR_none__LR_trend","p07_Y_short_none_trend",7,"Y_short",9,-0.0311698604906889,0.463239898220243,0.46428737168494,"shaikh_window",1947,2011
1772640348,"SR_none__LR_trend","p07_Y_short_none_trend",7,"Y_short",10,-0.0311698604906889,-0.463239898220243,0.46428737168494,"shaikh_window",1947,2011
1772640348,"SR_none__LR_trend","p07_Y_short_none_trend",7,"Y_short",11,0,0,0,"shaikh_window",1947,2011
1772640348,"SR_none__LR_trend","p07_Y_short_none_trend",7,"Y_short",12,0,0,0,"shaikh_window",1947,2011
1772640348,"SR_none__LR_trend","p07_Y_short_none_trend",7,"Y_short",13,0,0,0,"shaikh_window",1947,2011
1772640348,"SR_none__LR_trend","p07_Y_short_none_trend",7,"Y_short",14,0,0,0,"shaikh_window",1947,2011
1772640348,"SR_none__LR_trend","p07_Y_short_none_trend",7,"Y_short",15,0,0,0,"shaikh_window",1947,2011
1772640348,"SR_none__LR_trend","p07_Y_short_none_trend",7,"Y_short",16,0,0,0,"shaikh_window",1947,2011
1772640348,"SR_none__LR_trend","p07_K_short_none_trend",7,"K_short",1,1.01647374134946,0,1.01647374134946,"shaikh_window",1947,2011
1772640348,"SR_none__LR_trend","p07_K_short_none_trend",7,"K_short",2,1,0,1,"shaikh_window",1947,2011
1772640348,"SR_none__LR_trend","p07_K_short_none_trend",7,"K_short",3,0.386410047368353,0.686723311562187,0.787973115880326,"shaikh_window",1947,2011
1772640348,"SR_none__LR_trend","p07_K_short_none_trend",7,"K_short",4,0.386410047368353,-0.686723311562187,0.787973115880326,"shaikh_window",1947,2011
1772640348,"SR_none__LR_trend","p07_K_short_none_trend",7,"K_short",5,-0.125518090309128,0.771772684811994,0.781912954245397,"shaikh_window",1947,2011
1772640348,"SR_none__LR_trend","p07_K_short_none_trend",7,"K_short",6,-0.125518090309128,-0.771772684811994,0.781912954245397,"shaikh_window",1947,2011
1772640348,"SR_none__LR_trend","p07_K_short_none_trend",7,"K_short",7,-0.676090916062542,0.2753664621983,0.730017544505538,"shaikh_window",1947,2011
1772640348,"SR_none__LR_trend","p07_K_short_none_trend",7,"K_short",8,-0.676090916062542,-0.2753664621983,0.730017544505538,"shaikh_window",1947,2011
1772640348,"SR_none__LR_trend","p07_K_short_none_trend",7,"K_short",9,0.715678645857235,0.123287779159807,0.726220214966647,"shaikh_window",1947,2011
1772640348,"SR_none__LR_trend","p07_K_short_none_trend",7,"K_short",10,0.715678645857235,-0.123287779159807,0.726220214966647,"shaikh_window",1947,2011
1772640348,"SR_none__LR_trend","p07_K_short_none_trend",7,"K_short",11,0,0,0,"shaikh_window",1947,2011
1772640348,"SR_none__LR_trend","p07_K_short_none_trend",7,"K_short",12,0,0,0,"shaikh_window",1947,2011
1772640348,"SR_none__LR_trend","p07_K_short_none_trend",7,"K_short",13,0,0,0,"shaikh_window",1947,2011
1772640348,"SR_none__LR_trend","p07_K_short_none_trend",7,"K_short",14,0,0,0,"shaikh_window",1947,2011
1772640348,"SR_none__LR_trend","p07_K_short_none_trend",7,"K_short",15,0,0,0,"shaikh_window",1947,2011
1772640348,"SR_none__LR_trend","p07_K_short_none_trend",7,"K_short",16,0,0,0,"shaikh_window",1947,2011
